question_id,constructs,operands,correct_answer,text
0,['addition'],"[8, 13]",21,What is 8 + 13 ?
1,['multiplication'],"[9, 5]",45,What is 9 * 5 ?
2,['addition'],"[3, 8]",11,What is 3 + 8 ?
3,['multiplication'],"[3, 2]",6,What is 3 * 2 ?
4,['subtraction'],"[4, 4]",0,What is 4 - 4 ?
5,['division'],"[6, 2]",3,What is 6 / 2  (rounded to the nearest integer)?
6,['addition'],"[13, 14]",27,What is 13 + 14 ?
7,['division'],"[7, 3]",2,What is 7 / 3  (rounded to the nearest integer)?
8,['division'],"[7, 2]",4,What is 7 / 2  (rounded to the nearest integer)?
9,['division'],"[7, 2]",4,What is 7 / 2  (rounded to the nearest integer)?
10,['addition'],"[4, 6]",10,What is 4 + 6 ?
11,['addition'],"[14, 10]",24,What is 14 + 10 ?
12,['division'],"[7, 4]",2,What is 7 / 4  (rounded to the nearest integer)?
13,['division'],"[10, 5]",2,What is 10 / 5  (rounded to the nearest integer)?
14,['division'],"[7, 2]",4,What is 7 / 2  (rounded to the nearest integer)?
15,['multiplication'],"[9, 5]",45,What is 9 * 5 ?
16,['subtraction'],"[0, 13]",-13,What is 0 - 13 ?
17,['subtraction'],"[15, 6]",9,What is 15 - 6 ?
18,['multiplication'],"[4, 2]",8,What is 4 * 2 ?
19,['division'],"[8, 1]",8,What is 8 / 1  (rounded to the nearest integer)?
20,['addition'],"[2, 3]",5,What is 2 + 3 ?
21,['subtraction'],"[10, 12]",-2,What is 10 - 12 ?
22,['division'],"[9, 2]",4,What is 9 / 2  (rounded to the nearest integer)?
23,['addition'],"[2, 5]",7,What is 2 + 5 ?
24,['subtraction'],"[6, 11]",-5,What is 6 - 11 ?
25,['division'],"[6, 1]",6,What is 6 / 1  (rounded to the nearest integer)?
26,['addition'],"[7, 9]",16,What is 7 + 9 ?
27,['multiplication'],"[8, 1]",8,What is 8 * 1 ?
28,['addition'],"[4, 0]",4,What is 4 + 0 ?
29,['addition'],"[11, 9]",20,What is 11 + 9 ?
30,['multiplication'],"[10, 9]",90,What is 10 * 9 ?
31,['multiplication'],"[5, 9]",45,What is 5 * 9 ?
32,['subtraction'],"[8, 2]",6,What is 8 - 2 ?
33,['subtraction'],"[12, 9]",3,What is 12 - 9 ?
34,['division'],"[8, 2]",4,What is 8 / 2  (rounded to the nearest integer)?
35,['division'],"[9, 4]",2,What is 9 / 4  (rounded to the nearest integer)?
36,['division'],"[6, 4]",2,What is 6 / 4  (rounded to the nearest integer)?
37,['addition'],"[5, 4]",9,What is 5 + 4 ?
38,['addition'],"[13, 0]",13,What is 13 + 0 ?
39,['addition'],"[6, 2]",8,What is 6 + 2 ?
40,['subtraction'],"[3, 9]",-6,What is 3 - 9 ?
41,['multiplication'],"[5, 6]",30,What is 5 * 6 ?
42,['addition'],"[13, 2]",15,What is 13 + 2 ?
43,['addition'],"[7, 15]",22,What is 7 + 15 ?
44,['subtraction'],"[6, 4]",2,What is 6 - 4 ?
45,['subtraction'],"[13, 4]",9,What is 13 - 4 ?
46,['multiplication'],"[4, 4]",16,What is 4 * 4 ?
47,['multiplication'],"[1, 5]",5,What is 1 * 5 ?
48,['subtraction'],"[1, 11]",-10,What is 1 - 11 ?
49,['addition'],"[11, 1]",12,What is 11 + 1 ?
50,['multiplication'],"[8, 7]",56,What is 8 * 7 ?
51,['division'],"[5, 5]",1,What is 5 / 5  (rounded to the nearest integer)?
52,['multiplication'],"[6, 3]",18,What is 6 * 3 ?
53,['addition'],"[5, 11]",16,What is 5 + 11 ?
54,['division'],"[9, 2]",4,What is 9 / 2  (rounded to the nearest integer)?
55,['division'],"[5, 2]",2,What is 5 / 2  (rounded to the nearest integer)?
56,['subtraction'],"[15, 5]",10,What is 15 - 5 ?
57,['multiplication'],"[9, 8]",72,What is 9 * 8 ?
58,['addition'],"[6, 7]",13,What is 6 + 7 ?
59,['multiplication'],"[7, 6]",42,What is 7 * 6 ?
60,['addition'],"[10, 6]",16,What is 10 + 6 ?
61,['division'],"[7, 2]",4,What is 7 / 2  (rounded to the nearest integer)?
62,['subtraction'],"[13, 14]",-1,What is 13 - 14 ?
63,['multiplication'],"[1, 4]",4,What is 1 * 4 ?
64,['division'],"[5, 1]",5,What is 5 / 1  (rounded to the nearest integer)?
65,['subtraction'],"[2, 7]",-5,What is 2 - 7 ?
66,['division'],"[7, 5]",1,What is 7 / 5  (rounded to the nearest integer)?
67,['addition'],"[0, 9]",9,What is 0 + 9 ?
68,['addition'],"[3, 8]",11,What is 3 + 8 ?
69,['subtraction'],"[2, 12]",-10,What is 2 - 12 ?
70,['multiplication'],"[10, 5]",50,What is 10 * 5 ?
71,['subtraction'],"[9, 2]",7,What is 9 - 2 ?
72,['addition'],"[10, 6]",16,What is 10 + 6 ?
73,['subtraction'],"[11, 14]",-3,What is 11 - 14 ?
74,['subtraction'],"[2, 1]",1,What is 2 - 1 ?
75,['subtraction'],"[4, 7]",-3,What is 4 - 7 ?
76,['multiplication'],"[2, 6]",12,What is 2 * 6 ?
77,['multiplication'],"[8, 3]",24,What is 8 * 3 ?
78,['addition'],"[12, 6]",18,What is 12 + 6 ?
79,['multiplication'],"[4, 7]",28,What is 4 * 7 ?
80,['division'],"[9, 1]",9,What is 9 / 1  (rounded to the nearest integer)?
81,['division'],"[9, 2]",4,What is 9 / 2  (rounded to the nearest integer)?
82,['subtraction'],"[4, 10]",-6,What is 4 - 10 ?
83,['subtraction'],"[0, 7]",-7,What is 0 - 7 ?
84,['subtraction'],"[6, 0]",6,What is 6 - 0 ?
85,['addition'],"[6, 6]",12,What is 6 + 6 ?
86,['addition'],"[2, 9]",11,What is 2 + 9 ?
87,['subtraction'],"[14, 10]",4,What is 14 - 10 ?
88,['division'],"[7, 5]",1,What is 7 / 5  (rounded to the nearest integer)?
89,['addition'],"[13, 1]",14,What is 13 + 1 ?
90,['addition'],"[8, 6]",14,What is 8 + 6 ?
91,['addition'],"[13, 12]",25,What is 13 + 12 ?
92,['subtraction'],"[8, 4]",4,What is 8 - 4 ?
93,['multiplication'],"[7, 7]",49,What is 7 * 7 ?
94,['addition'],"[10, 15]",25,What is 10 + 15 ?
95,['division'],"[6, 2]",3,What is 6 / 2  (rounded to the nearest integer)?
96,['multiplication'],"[5, 6]",30,What is 5 * 6 ?
97,['multiplication'],"[9, 6]",54,What is 9 * 6 ?
98,['subtraction'],"[2, 12]",-10,What is 2 - 12 ?
99,['division'],"[10, 8]",1,What is 10 / 8  (rounded to the nearest integer)?
100,['division'],"[10, 4]",2,What is 10 / 4  (rounded to the nearest integer)?
101,['multiplication'],"[2, 7]",14,What is 2 * 7 ?
102,['subtraction'],"[6, 0]",6,What is 6 - 0 ?
103,['subtraction'],"[5, 14]",-9,What is 5 - 14 ?
104,['addition'],"[10, 0]",10,What is 10 + 0 ?
105,['addition'],"[11, 9]",20,What is 11 + 9 ?
106,['division'],"[9, 6]",2,What is 9 / 6  (rounded to the nearest integer)?
107,['multiplication'],"[4, 9]",36,What is 4 * 9 ?
108,['multiplication'],"[2, 8]",16,What is 2 * 8 ?
109,['division'],"[10, 1]",10,What is 10 / 1  (rounded to the nearest integer)?
110,['subtraction'],"[10, 1]",9,What is 10 - 1 ?
111,['subtraction'],"[9, 6]",3,What is 9 - 6 ?
112,['addition'],"[10, 1]",11,What is 10 + 1 ?
113,['division'],"[9, 8]",1,What is 9 / 8  (rounded to the nearest integer)?
114,['multiplication'],"[3, 6]",18,What is 3 * 6 ?
115,['subtraction'],"[9, 5]",4,What is 9 - 5 ?
116,['multiplication'],"[9, 4]",36,What is 9 * 4 ?
117,['multiplication'],"[6, 8]",48,What is 6 * 8 ?
118,['multiplication'],"[4, 8]",32,What is 4 * 8 ?
119,['addition'],"[11, 4]",15,What is 11 + 4 ?
120,['subtraction'],"[3, 8]",-5,What is 3 - 8 ?
121,['division'],"[8, 6]",1,What is 8 / 6  (rounded to the nearest integer)?
122,['division'],"[8, 7]",1,What is 8 / 7  (rounded to the nearest integer)?
123,['multiplication'],"[4, 4]",16,What is 4 * 4 ?
124,['multiplication'],"[10, 8]",80,What is 10 * 8 ?
125,['subtraction'],"[13, 11]",2,What is 13 - 11 ?
126,['multiplication'],"[7, 2]",14,What is 7 * 2 ?
127,['addition'],"[1, 3]",4,What is 1 + 3 ?
128,['division'],"[7, 4]",2,What is 7 / 4  (rounded to the nearest integer)?
129,['subtraction'],"[11, 2]",9,What is 11 - 2 ?
130,['division'],"[10, 6]",2,What is 10 / 6  (rounded to the nearest integer)?
131,['addition'],"[8, 3]",11,What is 8 + 3 ?
132,['division'],"[5, 4]",1,What is 5 / 4  (rounded to the nearest integer)?
133,['multiplication'],"[4, 1]",4,What is 4 * 1 ?
134,['multiplication'],"[3, 5]",15,What is 3 * 5 ?
135,['subtraction'],"[1, 12]",-11,What is 1 - 12 ?
136,['division'],"[10, 5]",2,What is 10 / 5  (rounded to the nearest integer)?
137,['division'],"[5, 1]",5,What is 5 / 1  (rounded to the nearest integer)?
138,['subtraction'],"[4, 10]",-6,What is 4 - 10 ?
139,['subtraction'],"[3, 9]",-6,What is 3 - 9 ?
140,['addition'],"[8, 15]",23,What is 8 + 15 ?
141,['multiplication'],"[5, 5]",25,What is 5 * 5 ?
142,['subtraction'],"[2, 8]",-6,What is 2 - 8 ?
143,['division'],"[8, 1]",8,What is 8 / 1  (rounded to the nearest integer)?
144,['multiplication'],"[7, 6]",42,What is 7 * 6 ?
145,['multiplication'],"[9, 10]",90,What is 9 * 10 ?
146,['division'],"[6, 2]",3,What is 6 / 2  (rounded to the nearest integer)?
147,['addition'],"[14, 9]",23,What is 14 + 9 ?
148,['subtraction'],"[12, 10]",2,What is 12 - 10 ?
149,['addition'],"[12, 12]",24,What is 12 + 12 ?
150,['division'],"[8, 1]",8,What is 8 / 1  (rounded to the nearest integer)?
151,['subtraction'],"[14, 3]",11,What is 14 - 3 ?
152,['division'],"[9, 3]",3,What is 9 / 3  (rounded to the nearest integer)?
153,['multiplication'],"[2, 8]",16,What is 2 * 8 ?
154,['subtraction'],"[11, 11]",0,What is 11 - 11 ?
155,['multiplication'],"[8, 6]",48,What is 8 * 6 ?
156,['addition'],"[8, 2]",10,What is 8 + 2 ?
157,['multiplication'],"[7, 10]",70,What is 7 * 10 ?
158,['multiplication'],"[6, 10]",60,What is 6 * 10 ?
159,['multiplication'],"[2, 1]",2,What is 2 * 1 ?
160,['division'],"[7, 5]",1,What is 7 / 5  (rounded to the nearest integer)?
161,['division'],"[8, 3]",3,What is 8 / 3  (rounded to the nearest integer)?
162,['multiplication'],"[5, 7]",35,What is 5 * 7 ?
163,['division'],"[7, 1]",7,What is 7 / 1  (rounded to the nearest integer)?
164,['addition'],"[2, 4]",6,What is 2 + 4 ?
165,['subtraction'],"[11, 0]",11,What is 11 - 0 ?
166,['subtraction'],"[10, 10]",0,What is 10 - 10 ?
167,['division'],"[10, 1]",10,What is 10 / 1  (rounded to the nearest integer)?
168,['division'],"[9, 7]",1,What is 9 / 7  (rounded to the nearest integer)?
169,['addition'],"[3, 8]",11,What is 3 + 8 ?
170,['division'],"[6, 2]",3,What is 6 / 2  (rounded to the nearest integer)?
171,['division'],"[7, 5]",1,What is 7 / 5  (rounded to the nearest integer)?
172,['addition'],"[7, 10]",17,What is 7 + 10 ?
173,['division'],"[10, 2]",5,What is 10 / 2  (rounded to the nearest integer)?
174,['division'],"[3, 3]",1,What is 3 / 3  (rounded to the nearest integer)?
175,['addition'],"[6, 10]",16,What is 6 + 10 ?
176,['subtraction'],"[3, 12]",-9,What is 3 - 12 ?
177,['addition'],"[13, 13]",26,What is 13 + 13 ?
178,['division'],"[1, 1]",1,What is 1 / 1  (rounded to the nearest integer)?
179,['multiplication'],"[9, 8]",72,What is 9 * 8 ?
180,['division'],"[7, 3]",2,What is 7 / 3  (rounded to the nearest integer)?
181,['multiplication'],"[8, 1]",8,What is 8 * 1 ?
182,['subtraction'],"[10, 10]",0,What is 10 - 10 ?
183,['subtraction'],"[14, 1]",13,What is 14 - 1 ?
184,['subtraction'],"[2, 8]",-6,What is 2 - 8 ?
185,['subtraction'],"[9, 6]",3,What is 9 - 6 ?
186,['addition'],"[3, 2]",5,What is 3 + 2 ?
187,['addition'],"[15, 12]",27,What is 15 + 12 ?
188,['addition'],"[5, 5]",10,What is 5 + 5 ?
189,['multiplication'],"[4, 10]",40,What is 4 * 10 ?
190,['subtraction'],"[14, 15]",-1,What is 14 - 15 ?
191,['subtraction'],"[4, 12]",-8,What is 4 - 12 ?
192,['multiplication'],"[1, 6]",6,What is 1 * 6 ?
193,['subtraction'],"[15, 12]",3,What is 15 - 12 ?
194,['subtraction'],"[0, 6]",-6,What is 0 - 6 ?
195,['addition'],"[10, 3]",13,What is 10 + 3 ?
196,['division'],"[6, 5]",1,What is 6 / 5  (rounded to the nearest integer)?
197,['addition'],"[8, 9]",17,What is 8 + 9 ?
198,['subtraction'],"[8, 13]",-5,What is 8 - 13 ?
199,['division'],"[7, 1]",7,What is 7 / 1  (rounded to the nearest integer)?
200,['subtraction'],"[13, 6]",7,What is 13 - 6 ?
201,['division'],"[10, 9]",1,What is 10 / 9  (rounded to the nearest integer)?
202,['subtraction'],"[15, 7]",8,What is 15 - 7 ?
203,['addition'],"[3, 11]",14,What is 3 + 11 ?
204,['division'],"[4, 1]",4,What is 4 / 1  (rounded to the nearest integer)?
205,['addition'],"[6, 15]",21,What is 6 + 15 ?
206,['subtraction'],"[0, 5]",-5,What is 0 - 5 ?
207,['addition'],"[4, 3]",7,What is 4 + 3 ?
208,['division'],"[6, 3]",2,What is 6 / 3  (rounded to the nearest integer)?
209,['addition'],"[10, 14]",24,What is 10 + 14 ?
210,['subtraction'],"[10, 4]",6,What is 10 - 4 ?
211,['division'],"[7, 2]",4,What is 7 / 2  (rounded to the nearest integer)?
212,['subtraction'],"[4, 13]",-9,What is 4 - 13 ?
213,['addition'],"[1, 12]",13,What is 1 + 12 ?
214,['multiplication'],"[1, 4]",4,What is 1 * 4 ?
215,['division'],"[10, 9]",1,What is 10 / 9  (rounded to the nearest integer)?
216,['subtraction'],"[11, 12]",-1,What is 11 - 12 ?
217,['multiplication'],"[4, 4]",16,What is 4 * 4 ?
218,['addition'],"[6, 15]",21,What is 6 + 15 ?
219,['subtraction'],"[2, 10]",-8,What is 2 - 10 ?
220,['division'],"[10, 5]",2,What is 10 / 5  (rounded to the nearest integer)?
221,['division'],"[2, 1]",2,What is 2 / 1  (rounded to the nearest integer)?
222,['multiplication'],"[10, 1]",10,What is 10 * 1 ?
223,['addition'],"[10, 12]",22,What is 10 + 12 ?
224,['addition'],"[13, 0]",13,What is 13 + 0 ?
225,['division'],"[10, 5]",2,What is 10 / 5  (rounded to the nearest integer)?
226,['subtraction'],"[0, 3]",-3,What is 0 - 3 ?
227,['addition'],"[11, 3]",14,What is 11 + 3 ?
228,['addition'],"[11, 3]",14,What is 11 + 3 ?
229,['multiplication'],"[2, 6]",12,What is 2 * 6 ?
230,['multiplication'],"[10, 1]",10,What is 10 * 1 ?
231,['multiplication'],"[4, 5]",20,What is 4 * 5 ?
232,['subtraction'],"[11, 3]",8,What is 11 - 3 ?
233,['addition'],"[15, 10]",25,What is 15 + 10 ?
234,['subtraction'],"[4, 11]",-7,What is 4 - 11 ?
235,['division'],"[5, 1]",5,What is 5 / 1  (rounded to the nearest integer)?
236,['multiplication'],"[2, 4]",8,What is 2 * 4 ?
237,['division'],"[6, 4]",2,What is 6 / 4  (rounded to the nearest integer)?
238,['subtraction'],"[6, 7]",-1,What is 6 - 7 ?
239,['multiplication'],"[4, 10]",40,What is 4 * 10 ?
240,['multiplication'],"[1, 6]",6,What is 1 * 6 ?
241,['multiplication'],"[9, 2]",18,What is 9 * 2 ?
242,['multiplication'],"[9, 10]",90,What is 9 * 10 ?
243,['division'],"[7, 6]",1,What is 7 / 6  (rounded to the nearest integer)?
244,['division'],"[10, 1]",10,What is 10 / 1  (rounded to the nearest integer)?
245,['division'],"[9, 7]",1,What is 9 / 7  (rounded to the nearest integer)?
246,['multiplication'],"[4, 10]",40,What is 4 * 10 ?
247,['subtraction'],"[7, 6]",1,What is 7 - 6 ?
248,['multiplication'],"[5, 10]",50,What is 5 * 10 ?
249,['subtraction'],"[14, 8]",6,What is 14 - 8 ?
250,['multiplication'],"[9, 1]",9,What is 9 * 1 ?
251,['multiplication'],"[1, 5]",5,What is 1 * 5 ?
252,['multiplication'],"[5, 2]",10,What is 5 * 2 ?
253,['addition'],"[13, 6]",19,What is 13 + 6 ?
254,['division'],"[5, 3]",2,What is 5 / 3  (rounded to the nearest integer)?
255,['addition'],"[7, 6]",13,What is 7 + 6 ?
256,['subtraction'],"[0, 2]",-2,What is 0 - 2 ?
257,['addition'],"[0, 13]",13,What is 0 + 13 ?
258,['subtraction'],"[8, 7]",1,What is 8 - 7 ?
259,['subtraction'],"[8, 10]",-2,What is 8 - 10 ?
260,['subtraction'],"[2, 13]",-11,What is 2 - 13 ?
261,['division'],"[4, 3]",1,What is 4 / 3  (rounded to the nearest integer)?
262,['addition'],"[8, 1]",9,What is 8 + 1 ?
263,['subtraction'],"[3, 10]",-7,What is 3 - 10 ?
264,['addition'],"[8, 1]",9,What is 8 + 1 ?
265,['division'],"[2, 1]",2,What is 2 / 1  (rounded to the nearest integer)?
266,['division'],"[10, 10]",1,What is 10 / 10  (rounded to the nearest integer)?
267,['multiplication'],"[1, 4]",4,What is 1 * 4 ?
268,['multiplication'],"[9, 8]",72,What is 9 * 8 ?
269,['division'],"[5, 4]",1,What is 5 / 4  (rounded to the nearest integer)?
270,['subtraction'],"[9, 6]",3,What is 9 - 6 ?
271,['addition'],"[12, 13]",25,What is 12 + 13 ?
272,['subtraction'],"[4, 3]",1,What is 4 - 3 ?
273,['subtraction'],"[15, 4]",11,What is 15 - 4 ?
274,['multiplication'],"[5, 3]",15,What is 5 * 3 ?
275,['division'],"[10, 7]",1,What is 10 / 7  (rounded to the nearest integer)?
276,['division'],"[10, 9]",1,What is 10 / 9  (rounded to the nearest integer)?
277,['division'],"[6, 3]",2,What is 6 / 3  (rounded to the nearest integer)?
278,['multiplication'],"[2, 10]",20,What is 2 * 10 ?
279,['subtraction'],"[1, 4]",-3,What is 1 - 4 ?
280,['subtraction'],"[2, 0]",2,What is 2 - 0 ?
281,['addition'],"[5, 1]",6,What is 5 + 1 ?
282,['subtraction'],"[8, 5]",3,What is 8 - 5 ?
283,['multiplication'],"[10, 4]",40,What is 10 * 4 ?
284,['division'],"[4, 4]",1,What is 4 / 4  (rounded to the nearest integer)?
285,['addition'],"[11, 11]",22,What is 11 + 11 ?
286,['addition'],"[1, 12]",13,What is 1 + 12 ?
287,['multiplication'],"[8, 8]",64,What is 8 * 8 ?
288,['division'],"[4, 1]",4,What is 4 / 1  (rounded to the nearest integer)?
289,['subtraction'],"[5, 14]",-9,What is 5 - 14 ?
290,['addition'],"[12, 11]",23,What is 12 + 11 ?
291,['multiplication'],"[4, 5]",20,What is 4 * 5 ?
292,['addition'],"[6, 1]",7,What is 6 + 1 ?
293,['division'],"[8, 7]",1,What is 8 / 7  (rounded to the nearest integer)?
294,['addition'],"[12, 7]",19,What is 12 + 7 ?
295,['multiplication'],"[8, 6]",48,What is 8 * 6 ?
296,['subtraction'],"[8, 11]",-3,What is 8 - 11 ?
297,['addition'],"[7, 0]",7,What is 7 + 0 ?
298,['subtraction'],"[2, 1]",1,What is 2 - 1 ?
299,['division'],"[8, 2]",4,What is 8 / 2  (rounded to the nearest integer)?
300,['addition'],"[8, 0]",8,What is 8 + 0 ?
301,['division'],"[5, 5]",1,What is 5 / 5  (rounded to the nearest integer)?
302,['multiplication'],"[3, 9]",27,What is 3 * 9 ?
303,['division'],"[5, 4]",1,What is 5 / 4  (rounded to the nearest integer)?
304,['addition'],"[12, 2]",14,What is 12 + 2 ?
305,['addition'],"[9, 14]",23,What is 9 + 14 ?
306,['multiplication'],"[4, 6]",24,What is 4 * 6 ?
307,['division'],"[6, 6]",1,What is 6 / 6  (rounded to the nearest integer)?
308,['addition'],"[12, 12]",24,What is 12 + 12 ?
309,['division'],"[4, 1]",4,What is 4 / 1  (rounded to the nearest integer)?
310,['subtraction'],"[11, 12]",-1,What is 11 - 12 ?
311,['subtraction'],"[14, 14]",0,What is 14 - 14 ?
312,['division'],"[10, 10]",1,What is 10 / 10  (rounded to the nearest integer)?
313,['multiplication'],"[2, 10]",20,What is 2 * 10 ?
314,['division'],"[6, 5]",1,What is 6 / 5  (rounded to the nearest integer)?
315,['addition'],"[3, 8]",11,What is 3 + 8 ?
316,['subtraction'],"[4, 4]",0,What is 4 - 4 ?
317,['addition'],"[3, 0]",3,What is 3 + 0 ?
318,['addition'],"[7, 15]",22,What is 7 + 15 ?
319,['division'],"[5, 3]",2,What is 5 / 3  (rounded to the nearest integer)?
320,['division'],"[10, 5]",2,What is 10 / 5  (rounded to the nearest integer)?
321,['addition'],"[2, 4]",6,What is 2 + 4 ?
322,['division'],"[8, 2]",4,What is 8 / 2  (rounded to the nearest integer)?
323,['subtraction'],"[10, 15]",-5,What is 10 - 15 ?
324,['division'],"[7, 1]",7,What is 7 / 1  (rounded to the nearest integer)?
325,['division'],"[10, 5]",2,What is 10 / 5  (rounded to the nearest integer)?
326,['subtraction'],"[9, 5]",4,What is 9 - 5 ?
327,['multiplication'],"[6, 10]",60,What is 6 * 10 ?
328,['multiplication'],"[9, 5]",45,What is 9 * 5 ?
329,['subtraction'],"[2, 0]",2,What is 2 - 0 ?
330,['subtraction'],"[15, 8]",7,What is 15 - 8 ?
331,['division'],"[8, 4]",2,What is 8 / 4  (rounded to the nearest integer)?
332,['subtraction'],"[1, 9]",-8,What is 1 - 9 ?
333,['division'],"[9, 5]",2,What is 9 / 5  (rounded to the nearest integer)?
334,['division'],"[8, 5]",2,What is 8 / 5  (rounded to the nearest integer)?
335,['subtraction'],"[7, 8]",-1,What is 7 - 8 ?
336,['division'],"[10, 9]",1,What is 10 / 9  (rounded to the nearest integer)?
337,['multiplication'],"[8, 7]",56,What is 8 * 7 ?
338,['subtraction'],"[11, 8]",3,What is 11 - 8 ?
339,['division'],"[7, 3]",2,What is 7 / 3  (rounded to the nearest integer)?
340,['addition'],"[0, 14]",14,What is 0 + 14 ?
341,['addition'],"[15, 2]",17,What is 15 + 2 ?
342,['multiplication'],"[5, 9]",45,What is 5 * 9 ?
343,['addition'],"[0, 3]",3,What is 0 + 3 ?
344,['subtraction'],"[3, 5]",-2,What is 3 - 5 ?
345,['multiplication'],"[1, 2]",2,What is 1 * 2 ?
346,['division'],"[4, 1]",4,What is 4 / 1  (rounded to the nearest integer)?
347,['addition'],"[9, 3]",12,What is 9 + 3 ?
348,['multiplication'],"[2, 5]",10,What is 2 * 5 ?
349,['multiplication'],"[3, 6]",18,What is 3 * 6 ?
350,['subtraction'],"[2, 11]",-9,What is 2 - 11 ?
351,['division'],"[9, 6]",2,What is 9 / 6  (rounded to the nearest integer)?
352,['addition'],"[12, 9]",21,What is 12 + 9 ?
353,['division'],"[10, 5]",2,What is 10 / 5  (rounded to the nearest integer)?
354,['subtraction'],"[5, 9]",-4,What is 5 - 9 ?
355,['addition'],"[11, 2]",13,What is 11 + 2 ?
356,['division'],"[3, 3]",1,What is 3 / 3  (rounded to the nearest integer)?
357,['addition'],"[13, 14]",27,What is 13 + 14 ?
358,['addition'],"[13, 12]",25,What is 13 + 12 ?
359,['division'],"[9, 3]",3,What is 9 / 3  (rounded to the nearest integer)?
360,['multiplication'],"[4, 8]",32,What is 4 * 8 ?
361,['addition'],"[11, 10]",21,What is 11 + 10 ?
362,['multiplication'],"[8, 7]",56,What is 8 * 7 ?
363,['addition'],"[9, 14]",23,What is 9 + 14 ?
364,['addition'],"[3, 14]",17,What is 3 + 14 ?
365,['multiplication'],"[4, 3]",12,What is 4 * 3 ?
366,['multiplication'],"[6, 4]",24,What is 6 * 4 ?
367,['division'],"[5, 4]",1,What is 5 / 4  (rounded to the nearest integer)?
368,['subtraction'],"[0, 4]",-4,What is 0 - 4 ?
369,['division'],"[2, 2]",1,What is 2 / 2  (rounded to the nearest integer)?
370,['addition'],"[9, 10]",19,What is 9 + 10 ?
371,['subtraction'],"[10, 15]",-5,What is 10 - 15 ?
372,['subtraction'],"[14, 2]",12,What is 14 - 2 ?
373,['addition'],"[7, 4]",11,What is 7 + 4 ?
374,['addition'],"[3, 9]",12,What is 3 + 9 ?
375,['addition'],"[2, 11]",13,What is 2 + 11 ?
376,['multiplication'],"[5, 7]",35,What is 5 * 7 ?
377,['addition'],"[7, 9]",16,What is 7 + 9 ?
378,['addition'],"[6, 9]",15,What is 6 + 9 ?
379,['multiplication'],"[8, 5]",40,What is 8 * 5 ?
380,['division'],"[10, 5]",2,What is 10 / 5  (rounded to the nearest integer)?
381,['subtraction'],"[3, 12]",-9,What is 3 - 12 ?
382,['addition'],"[3, 2]",5,What is 3 + 2 ?
383,['division'],"[7, 5]",1,What is 7 / 5  (rounded to the nearest integer)?
384,['division'],"[10, 7]",1,What is 10 / 7  (rounded to the nearest integer)?
385,['addition'],"[11, 7]",18,What is 11 + 7 ?
386,['multiplication'],"[7, 7]",49,What is 7 * 7 ?
387,['addition'],"[12, 15]",27,What is 12 + 15 ?
388,['subtraction'],"[13, 8]",5,What is 13 - 8 ?
389,['addition'],"[5, 7]",12,What is 5 + 7 ?
390,['subtraction'],"[5, 11]",-6,What is 5 - 11 ?
391,['division'],"[5, 3]",2,What is 5 / 3  (rounded to the nearest integer)?
392,['division'],"[3, 1]",3,What is 3 / 1  (rounded to the nearest integer)?
393,['multiplication'],"[6, 2]",12,What is 6 * 2 ?
394,['subtraction'],"[13, 8]",5,What is 13 - 8 ?
395,['multiplication'],"[1, 4]",4,What is 1 * 4 ?
396,['multiplication'],"[10, 2]",20,What is 10 * 2 ?
397,['addition'],"[11, 3]",14,What is 11 + 3 ?
398,['addition'],"[15, 7]",22,What is 15 + 7 ?
399,['multiplication'],"[5, 7]",35,What is 5 * 7 ?
400,['multiplication'],"[6, 4]",24,What is 6 * 4 ?
401,['multiplication'],"[3, 9]",27,What is 3 * 9 ?
402,['addition'],"[3, 14]",17,What is 3 + 14 ?
403,['subtraction'],"[4, 0]",4,What is 4 - 0 ?
404,['addition'],"[15, 13]",28,What is 15 + 13 ?
405,['division'],"[6, 1]",6,What is 6 / 1  (rounded to the nearest integer)?
406,['subtraction'],"[6, 2]",4,What is 6 - 2 ?
407,['multiplication'],"[4, 1]",4,What is 4 * 1 ?
408,['subtraction'],"[9, 8]",1,What is 9 - 8 ?
409,['addition'],"[4, 1]",5,What is 4 + 1 ?
410,['addition'],"[1, 7]",8,What is 1 + 7 ?
411,['multiplication'],"[2, 4]",8,What is 2 * 4 ?
412,['addition'],"[0, 13]",13,What is 0 + 13 ?
413,['subtraction'],"[4, 12]",-8,What is 4 - 12 ?
414,['addition'],"[0, 7]",7,What is 0 + 7 ?
415,['division'],"[9, 7]",1,What is 9 / 7  (rounded to the nearest integer)?
416,['subtraction'],"[12, 5]",7,What is 12 - 5 ?
417,['multiplication'],"[9, 3]",27,What is 9 * 3 ?
418,['subtraction'],"[14, 14]",0,What is 14 - 14 ?
419,['division'],"[7, 4]",2,What is 7 / 4  (rounded to the nearest integer)?
420,['multiplication'],"[5, 2]",10,What is 5 * 2 ?
421,['subtraction'],"[12, 10]",2,What is 12 - 10 ?
422,['multiplication'],"[1, 5]",5,What is 1 * 5 ?
423,['multiplication'],"[7, 8]",56,What is 7 * 8 ?
424,['division'],"[5, 5]",1,What is 5 / 5  (rounded to the nearest integer)?
425,['subtraction'],"[14, 6]",8,What is 14 - 6 ?
426,['addition'],"[3, 1]",4,What is 3 + 1 ?
427,['division'],"[4, 3]",1,What is 4 / 3  (rounded to the nearest integer)?
428,['division'],"[9, 8]",1,What is 9 / 8  (rounded to the nearest integer)?
429,['subtraction'],"[8, 15]",-7,What is 8 - 15 ?
430,['subtraction'],"[1, 10]",-9,What is 1 - 10 ?
431,['addition'],"[13, 7]",20,What is 13 + 7 ?
432,['division'],"[10, 2]",5,What is 10 / 2  (rounded to the nearest integer)?
433,['addition'],"[14, 12]",26,What is 14 + 12 ?
434,['division'],"[10, 7]",1,What is 10 / 7  (rounded to the nearest integer)?
435,['multiplication'],"[3, 2]",6,What is 3 * 2 ?
436,['addition'],"[12, 14]",26,What is 12 + 14 ?
437,['division'],"[7, 5]",1,What is 7 / 5  (rounded to the nearest integer)?
438,['division'],"[7, 2]",4,What is 7 / 2  (rounded to the nearest integer)?
439,['addition'],"[6, 3]",9,What is 6 + 3 ?
440,['addition'],"[12, 8]",20,What is 12 + 8 ?
441,['addition'],"[12, 5]",17,What is 12 + 5 ?
442,['subtraction'],"[12, 3]",9,What is 12 - 3 ?
443,['addition'],"[1, 6]",7,What is 1 + 6 ?
444,['multiplication'],"[4, 6]",24,What is 4 * 6 ?
445,['addition'],"[1, 11]",12,What is 1 + 11 ?
446,['addition'],"[13, 11]",24,What is 13 + 11 ?
447,['division'],"[10, 8]",1,What is 10 / 8  (rounded to the nearest integer)?
448,['multiplication'],"[9, 1]",9,What is 9 * 1 ?
449,['multiplication'],"[4, 3]",12,What is 4 * 3 ?
450,['subtraction'],"[1, 7]",-6,What is 1 - 7 ?
451,['addition'],"[3, 9]",12,What is 3 + 9 ?
452,['multiplication'],"[10, 6]",60,What is 10 * 6 ?
453,['division'],"[10, 5]",2,What is 10 / 5  (rounded to the nearest integer)?
454,['division'],"[3, 2]",2,What is 3 / 2  (rounded to the nearest integer)?
455,['division'],"[10, 4]",2,What is 10 / 4  (rounded to the nearest integer)?
456,['addition'],"[8, 0]",8,What is 8 + 0 ?
457,['multiplication'],"[6, 2]",12,What is 6 * 2 ?
458,['multiplication'],"[2, 2]",4,What is 2 * 2 ?
459,['multiplication'],"[7, 4]",28,What is 7 * 4 ?
460,['multiplication'],"[6, 3]",18,What is 6 * 3 ?
461,['subtraction'],"[2, 1]",1,What is 2 - 1 ?
462,['multiplication'],"[3, 6]",18,What is 3 * 6 ?
463,['subtraction'],"[0, 4]",-4,What is 0 - 4 ?
464,['division'],"[7, 1]",7,What is 7 / 1  (rounded to the nearest integer)?
465,['subtraction'],"[11, 14]",-3,What is 11 - 14 ?
466,['division'],"[7, 3]",2,What is 7 / 3  (rounded to the nearest integer)?
467,['addition'],"[10, 2]",12,What is 10 + 2 ?
468,['addition'],"[5, 0]",5,What is 5 + 0 ?
469,['subtraction'],"[0, 11]",-11,What is 0 - 11 ?
470,['addition'],"[12, 14]",26,What is 12 + 14 ?
471,['addition'],"[6, 1]",7,What is 6 + 1 ?
472,['addition'],"[0, 10]",10,What is 0 + 10 ?
473,['addition'],"[6, 3]",9,What is 6 + 3 ?
474,['addition'],"[3, 14]",17,What is 3 + 14 ?
475,['multiplication'],"[6, 6]",36,What is 6 * 6 ?
476,['addition'],"[15, 3]",18,What is 15 + 3 ?
477,['subtraction'],"[3, 8]",-5,What is 3 - 8 ?
478,['multiplication'],"[8, 10]",80,What is 8 * 10 ?
479,['subtraction'],"[15, 8]",7,What is 15 - 8 ?
480,['multiplication'],"[9, 7]",63,What is 9 * 7 ?
481,['addition'],"[4, 5]",9,What is 4 + 5 ?
482,['subtraction'],"[11, 7]",4,What is 11 - 7 ?
483,['division'],"[7, 2]",4,What is 7 / 2  (rounded to the nearest integer)?
484,['subtraction'],"[1, 0]",1,What is 1 - 0 ?
485,['subtraction'],"[15, 12]",3,What is 15 - 12 ?
486,['division'],"[6, 6]",1,What is 6 / 6  (rounded to the nearest integer)?
487,['multiplication'],"[7, 6]",42,What is 7 * 6 ?
488,['subtraction'],"[6, 9]",-3,What is 6 - 9 ?
489,['division'],"[8, 4]",2,What is 8 / 4  (rounded to the nearest integer)?
490,['division'],"[6, 6]",1,What is 6 / 6  (rounded to the nearest integer)?
491,['multiplication'],"[1, 5]",5,What is 1 * 5 ?
492,['multiplication'],"[4, 3]",12,What is 4 * 3 ?
493,['addition'],"[13, 3]",16,What is 13 + 3 ?
494,['subtraction'],"[15, 14]",1,What is 15 - 14 ?
495,['division'],"[4, 2]",2,What is 4 / 2  (rounded to the nearest integer)?
496,['subtraction'],"[13, 3]",10,What is 13 - 3 ?
497,['addition'],"[12, 12]",24,What is 12 + 12 ?
498,['addition'],"[10, 7]",17,What is 10 + 7 ?
499,['multiplication'],"[1, 8]",8,What is 1 * 8 ?
500,['subtraction'],"[6, 8]",-2,What is 6 - 8 ?
501,['subtraction'],"[11, 12]",-1,What is 11 - 12 ?
502,['addition'],"[2, 4]",6,What is 2 + 4 ?
503,['multiplication'],"[9, 4]",36,What is 9 * 4 ?
504,['division'],"[4, 2]",2,What is 4 / 2  (rounded to the nearest integer)?
505,['division'],"[6, 3]",2,What is 6 / 3  (rounded to the nearest integer)?
506,['addition'],"[15, 4]",19,What is 15 + 4 ?
507,['subtraction'],"[9, 3]",6,What is 9 - 3 ?
508,['subtraction'],"[10, 3]",7,What is 10 - 3 ?
509,['addition'],"[5, 0]",5,What is 5 + 0 ?
510,['division'],"[8, 2]",4,What is 8 / 2  (rounded to the nearest integer)?
511,['multiplication'],"[4, 8]",32,What is 4 * 8 ?
512,['multiplication'],"[1, 2]",2,What is 1 * 2 ?
513,['division'],"[6, 1]",6,What is 6 / 1  (rounded to the nearest integer)?
514,['addition'],"[1, 6]",7,What is 1 + 6 ?
515,['addition'],"[11, 0]",11,What is 11 + 0 ?
516,['subtraction'],"[10, 0]",10,What is 10 - 0 ?
517,['addition'],"[6, 10]",16,What is 6 + 10 ?
518,['addition'],"[2, 11]",13,What is 2 + 11 ?
519,['division'],"[8, 3]",3,What is 8 / 3  (rounded to the nearest integer)?
520,['division'],"[10, 3]",3,What is 10 / 3  (rounded to the nearest integer)?
521,['addition'],"[11, 6]",17,What is 11 + 6 ?
522,['division'],"[6, 6]",1,What is 6 / 6  (rounded to the nearest integer)?
523,['addition'],"[1, 0]",1,What is 1 + 0 ?
524,['multiplication'],"[3, 5]",15,What is 3 * 5 ?
525,['subtraction'],"[1, 0]",1,What is 1 - 0 ?
526,['addition'],"[3, 5]",8,What is 3 + 5 ?
527,['addition'],"[14, 7]",21,What is 14 + 7 ?
528,['addition'],"[13, 0]",13,What is 13 + 0 ?
529,['addition'],"[6, 1]",7,What is 6 + 1 ?
530,['addition'],"[10, 5]",15,What is 10 + 5 ?
531,['multiplication'],"[9, 4]",36,What is 9 * 4 ?
532,['multiplication'],"[4, 5]",20,What is 4 * 5 ?
533,['addition'],"[14, 7]",21,What is 14 + 7 ?
534,['addition'],"[15, 0]",15,What is 15 + 0 ?
535,['division'],"[9, 7]",1,What is 9 / 7  (rounded to the nearest integer)?
536,['addition'],"[4, 4]",8,What is 4 + 4 ?
537,['subtraction'],"[6, 2]",4,What is 6 - 2 ?
538,['division'],"[6, 3]",2,What is 6 / 3  (rounded to the nearest integer)?
539,['multiplication'],"[4, 7]",28,What is 4 * 7 ?
540,['multiplication'],"[2, 3]",6,What is 2 * 3 ?
541,['subtraction'],"[3, 2]",1,What is 3 - 2 ?
542,['multiplication'],"[10, 9]",90,What is 10 * 9 ?
543,['multiplication'],"[6, 5]",30,What is 6 * 5 ?
544,['division'],"[10, 1]",10,What is 10 / 1  (rounded to the nearest integer)?
545,['subtraction'],"[9, 2]",7,What is 9 - 2 ?
546,['addition'],"[6, 13]",19,What is 6 + 13 ?
547,['subtraction'],"[6, 9]",-3,What is 6 - 9 ?
548,['addition'],"[2, 5]",7,What is 2 + 5 ?
549,['subtraction'],"[14, 8]",6,What is 14 - 8 ?
550,['multiplication'],"[9, 3]",27,What is 9 * 3 ?
551,['multiplication'],"[5, 8]",40,What is 5 * 8 ?
552,['multiplication'],"[4, 9]",36,What is 4 * 9 ?
553,['subtraction'],"[11, 8]",3,What is 11 - 8 ?
554,['addition'],"[7, 9]",16,What is 7 + 9 ?
555,['division'],"[8, 3]",3,What is 8 / 3  (rounded to the nearest integer)?
556,['multiplication'],"[7, 2]",14,What is 7 * 2 ?
557,['division'],"[6, 1]",6,What is 6 / 1  (rounded to the nearest integer)?
558,['multiplication'],"[4, 5]",20,What is 4 * 5 ?
559,['subtraction'],"[10, 8]",2,What is 10 - 8 ?
560,['division'],"[7, 1]",7,What is 7 / 1  (rounded to the nearest integer)?
561,['addition'],"[11, 5]",16,What is 11 + 5 ?
562,['division'],"[2, 1]",2,What is 2 / 1  (rounded to the nearest integer)?
563,['subtraction'],"[15, 6]",9,What is 15 - 6 ?
564,['division'],"[7, 3]",2,What is 7 / 3  (rounded to the nearest integer)?
565,['subtraction'],"[7, 4]",3,What is 7 - 4 ?
566,['addition'],"[8, 1]",9,What is 8 + 1 ?
567,['subtraction'],"[9, 6]",3,What is 9 - 6 ?
568,['multiplication'],"[4, 1]",4,What is 4 * 1 ?
569,['addition'],"[0, 2]",2,What is 0 + 2 ?
570,['multiplication'],"[4, 5]",20,What is 4 * 5 ?
571,['multiplication'],"[1, 5]",5,What is 1 * 5 ?
572,['division'],"[6, 3]",2,What is 6 / 3  (rounded to the nearest integer)?
573,['multiplication'],"[6, 5]",30,What is 6 * 5 ?
574,['multiplication'],"[2, 3]",6,What is 2 * 3 ?
575,['division'],"[10, 8]",1,What is 10 / 8  (rounded to the nearest integer)?
576,['addition'],"[4, 0]",4,What is 4 + 0 ?
577,['subtraction'],"[8, 5]",3,What is 8 - 5 ?
578,['subtraction'],"[10, 13]",-3,What is 10 - 13 ?
579,['multiplication'],"[1, 10]",10,What is 1 * 10 ?
580,['multiplication'],"[9, 5]",45,What is 9 * 5 ?
581,['subtraction'],"[14, 9]",5,What is 14 - 9 ?
582,['division'],"[10, 8]",1,What is 10 / 8  (rounded to the nearest integer)?
583,['division'],"[4, 3]",1,What is 4 / 3  (rounded to the nearest integer)?
584,['multiplication'],"[9, 6]",54,What is 9 * 6 ?
585,['subtraction'],"[9, 15]",-6,What is 9 - 15 ?
586,['multiplication'],"[7, 9]",63,What is 7 * 9 ?
587,['division'],"[6, 1]",6,What is 6 / 1  (rounded to the nearest integer)?
588,['division'],"[6, 4]",2,What is 6 / 4  (rounded to the nearest integer)?
589,['subtraction'],"[14, 3]",11,What is 14 - 3 ?
590,['multiplication'],"[1, 9]",9,What is 1 * 9 ?
591,['addition'],"[12, 6]",18,What is 12 + 6 ?
592,['division'],"[9, 4]",2,What is 9 / 4  (rounded to the nearest integer)?
593,['multiplication'],"[4, 8]",32,What is 4 * 8 ?
594,['subtraction'],"[5, 12]",-7,What is 5 - 12 ?
595,['subtraction'],"[6, 1]",5,What is 6 - 1 ?
596,['multiplication'],"[2, 7]",14,What is 2 * 7 ?
597,['subtraction'],"[15, 8]",7,What is 15 - 8 ?
598,['division'],"[8, 2]",4,What is 8 / 2  (rounded to the nearest integer)?
599,['addition'],"[12, 5]",17,What is 12 + 5 ?
600,['division'],"[8, 7]",1,What is 8 / 7  (rounded to the nearest integer)?
601,['addition'],"[5, 0]",5,What is 5 + 0 ?
602,['addition'],"[12, 5]",17,What is 12 + 5 ?
603,['division'],"[10, 8]",1,What is 10 / 8  (rounded to the nearest integer)?
604,['subtraction'],"[5, 0]",5,What is 5 - 0 ?
605,['subtraction'],"[0, 6]",-6,What is 0 - 6 ?
606,['subtraction'],"[2, 9]",-7,What is 2 - 9 ?
607,['subtraction'],"[11, 8]",3,What is 11 - 8 ?
608,['addition'],"[11, 9]",20,What is 11 + 9 ?
609,['addition'],"[2, 4]",6,What is 2 + 4 ?
610,['multiplication'],"[6, 7]",42,What is 6 * 7 ?
611,['addition'],"[4, 9]",13,What is 4 + 9 ?
612,['multiplication'],"[7, 10]",70,What is 7 * 10 ?
613,['subtraction'],"[15, 8]",7,What is 15 - 8 ?
614,['subtraction'],"[0, 0]",0,What is 0 - 0 ?
615,['division'],"[6, 4]",2,What is 6 / 4  (rounded to the nearest integer)?
616,['subtraction'],"[11, 4]",7,What is 11 - 4 ?
617,['multiplication'],"[9, 5]",45,What is 9 * 5 ?
618,['multiplication'],"[3, 10]",30,What is 3 * 10 ?
619,['subtraction'],"[4, 0]",4,What is 4 - 0 ?
620,['addition'],"[12, 3]",15,What is 12 + 3 ?
621,['multiplication'],"[9, 4]",36,What is 9 * 4 ?
622,['division'],"[3, 2]",2,What is 3 / 2  (rounded to the nearest integer)?
623,['multiplication'],"[3, 8]",24,What is 3 * 8 ?
624,['division'],"[7, 5]",1,What is 7 / 5  (rounded to the nearest integer)?
625,['subtraction'],"[5, 7]",-2,What is 5 - 7 ?
626,['multiplication'],"[10, 9]",90,What is 10 * 9 ?
627,['division'],"[10, 6]",2,What is 10 / 6  (rounded to the nearest integer)?
628,['division'],"[9, 6]",2,What is 9 / 6  (rounded to the nearest integer)?
629,['subtraction'],"[14, 2]",12,What is 14 - 2 ?
630,['addition'],"[13, 9]",22,What is 13 + 9 ?
631,['subtraction'],"[14, 10]",4,What is 14 - 10 ?
632,['division'],"[9, 4]",2,What is 9 / 4  (rounded to the nearest integer)?
633,['subtraction'],"[3, 12]",-9,What is 3 - 12 ?
634,['multiplication'],"[2, 5]",10,What is 2 * 5 ?
635,['division'],"[10, 6]",2,What is 10 / 6  (rounded to the nearest integer)?
636,['multiplication'],"[10, 2]",20,What is 10 * 2 ?
637,['addition'],"[10, 8]",18,What is 10 + 8 ?
638,['multiplication'],"[9, 1]",9,What is 9 * 1 ?
639,['multiplication'],"[2, 9]",18,What is 2 * 9 ?
640,['multiplication'],"[9, 1]",9,What is 9 * 1 ?
641,['addition'],"[3, 8]",11,What is 3 + 8 ?
642,['addition'],"[6, 2]",8,What is 6 + 2 ?
643,['subtraction'],"[9, 11]",-2,What is 9 - 11 ?
644,['division'],"[8, 3]",3,What is 8 / 3  (rounded to the nearest integer)?
645,['multiplication'],"[4, 5]",20,What is 4 * 5 ?
646,['multiplication'],"[6, 8]",48,What is 6 * 8 ?
647,['subtraction'],"[3, 7]",-4,What is 3 - 7 ?
648,['division'],"[3, 2]",2,What is 3 / 2  (rounded to the nearest integer)?
649,['addition'],"[6, 1]",7,What is 6 + 1 ?
650,['subtraction'],"[8, 13]",-5,What is 8 - 13 ?
651,['multiplication'],"[8, 1]",8,What is 8 * 1 ?
652,['multiplication'],"[4, 3]",12,What is 4 * 3 ?
653,['addition'],"[11, 9]",20,What is 11 + 9 ?
654,['multiplication'],"[5, 3]",15,What is 5 * 3 ?
655,['division'],"[8, 7]",1,What is 8 / 7  (rounded to the nearest integer)?
656,['division'],"[5, 2]",2,What is 5 / 2  (rounded to the nearest integer)?
657,['addition'],"[5, 5]",10,What is 5 + 5 ?
658,['multiplication'],"[1, 2]",2,What is 1 * 2 ?
659,['subtraction'],"[8, 15]",-7,What is 8 - 15 ?
660,['multiplication'],"[6, 1]",6,What is 6 * 1 ?
661,['division'],"[10, 9]",1,What is 10 / 9  (rounded to the nearest integer)?
662,['subtraction'],"[11, 11]",0,What is 11 - 11 ?
663,['multiplication'],"[2, 1]",2,What is 2 * 1 ?
664,['division'],"[7, 1]",7,What is 7 / 1  (rounded to the nearest integer)?
665,['multiplication'],"[3, 8]",24,What is 3 * 8 ?
666,['multiplication'],"[4, 1]",4,What is 4 * 1 ?
667,['subtraction'],"[3, 8]",-5,What is 3 - 8 ?
668,['addition'],"[15, 7]",22,What is 15 + 7 ?
669,['multiplication'],"[1, 10]",10,What is 1 * 10 ?
670,['division'],"[8, 7]",1,What is 8 / 7  (rounded to the nearest integer)?
671,['subtraction'],"[15, 0]",15,What is 15 - 0 ?
672,['addition'],"[12, 8]",20,What is 12 + 8 ?
673,['division'],"[5, 2]",2,What is 5 / 2  (rounded to the nearest integer)?
674,['division'],"[7, 3]",2,What is 7 / 3  (rounded to the nearest integer)?
675,['multiplication'],"[4, 2]",8,What is 4 * 2 ?
676,['division'],"[8, 4]",2,What is 8 / 4  (rounded to the nearest integer)?
677,['subtraction'],"[15, 10]",5,What is 15 - 10 ?
678,['subtraction'],"[3, 5]",-2,What is 3 - 5 ?
679,['division'],"[5, 3]",2,What is 5 / 3  (rounded to the nearest integer)?
680,['addition'],"[2, 4]",6,What is 2 + 4 ?
681,['subtraction'],"[5, 1]",4,What is 5 - 1 ?
682,['division'],"[8, 7]",1,What is 8 / 7  (rounded to the nearest integer)?
683,['subtraction'],"[8, 11]",-3,What is 8 - 11 ?
684,['multiplication'],"[1, 4]",4,What is 1 * 4 ?
685,['division'],"[9, 4]",2,What is 9 / 4  (rounded to the nearest integer)?
686,['subtraction'],"[8, 4]",4,What is 8 - 4 ?
687,['addition'],"[9, 3]",12,What is 9 + 3 ?
688,['subtraction'],"[13, 10]",3,What is 13 - 10 ?
689,['multiplication'],"[10, 8]",80,What is 10 * 8 ?
690,['division'],"[3, 1]",3,What is 3 / 1  (rounded to the nearest integer)?
691,['multiplication'],"[1, 9]",9,What is 1 * 9 ?
692,['division'],"[7, 2]",4,What is 7 / 2  (rounded to the nearest integer)?
693,['division'],"[6, 4]",2,What is 6 / 4  (rounded to the nearest integer)?
694,['addition'],"[9, 4]",13,What is 9 + 4 ?
695,['multiplication'],"[10, 1]",10,What is 10 * 1 ?
696,['multiplication'],"[3, 2]",6,What is 3 * 2 ?
697,['addition'],"[9, 14]",23,What is 9 + 14 ?
698,['division'],"[9, 6]",2,What is 9 / 6  (rounded to the nearest integer)?
699,['division'],"[6, 1]",6,What is 6 / 1  (rounded to the nearest integer)?
700,['multiplication'],"[8, 10]",80,What is 8 * 10 ?
701,['subtraction'],"[9, 0]",9,What is 9 - 0 ?
702,['division'],"[8, 6]",1,What is 8 / 6  (rounded to the nearest integer)?
703,['addition'],"[1, 9]",10,What is 1 + 9 ?
704,['multiplication'],"[9, 8]",72,What is 9 * 8 ?
705,['subtraction'],"[8, 5]",3,What is 8 - 5 ?
706,['addition'],"[1, 12]",13,What is 1 + 12 ?
707,['division'],"[7, 4]",2,What is 7 / 4  (rounded to the nearest integer)?
708,['multiplication'],"[6, 10]",60,What is 6 * 10 ?
709,['multiplication'],"[5, 8]",40,What is 5 * 8 ?
710,['division'],"[9, 5]",2,What is 9 / 5  (rounded to the nearest integer)?
711,['subtraction'],"[4, 8]",-4,What is 4 - 8 ?
712,['subtraction'],"[1, 7]",-6,What is 1 - 7 ?
713,['division'],"[7, 3]",2,What is 7 / 3  (rounded to the nearest integer)?
714,['subtraction'],"[9, 8]",1,What is 9 - 8 ?
715,['addition'],"[15, 6]",21,What is 15 + 6 ?
716,['division'],"[10, 6]",2,What is 10 / 6  (rounded to the nearest integer)?
717,['division'],"[9, 4]",2,What is 9 / 4  (rounded to the nearest integer)?
718,['addition'],"[6, 13]",19,What is 6 + 13 ?
719,['subtraction'],"[10, 9]",1,What is 10 - 9 ?
720,['multiplication'],"[5, 7]",35,What is 5 * 7 ?
721,['subtraction'],"[1, 3]",-2,What is 1 - 3 ?
722,['multiplication'],"[6, 8]",48,What is 6 * 8 ?
723,['multiplication'],"[2, 4]",8,What is 2 * 4 ?
724,['subtraction'],"[1, 15]",-14,What is 1 - 15 ?
725,['subtraction'],"[14, 10]",4,What is 14 - 10 ?
726,['addition'],"[12, 3]",15,What is 12 + 3 ?
727,['multiplication'],"[6, 4]",24,What is 6 * 4 ?
728,['addition'],"[9, 14]",23,What is 9 + 14 ?
729,['multiplication'],"[6, 3]",18,What is 6 * 3 ?
730,['multiplication'],"[1, 2]",2,What is 1 * 2 ?
731,['addition'],"[5, 7]",12,What is 5 + 7 ?
732,['multiplication'],"[10, 5]",50,What is 10 * 5 ?
733,['addition'],"[7, 7]",14,What is 7 + 7 ?
734,['addition'],"[13, 10]",23,What is 13 + 10 ?
735,['addition'],"[0, 11]",11,What is 0 + 11 ?
736,['division'],"[9, 3]",3,What is 9 / 3  (rounded to the nearest integer)?
737,['multiplication'],"[4, 5]",20,What is 4 * 5 ?
738,['multiplication'],"[4, 8]",32,What is 4 * 8 ?
739,['multiplication'],"[3, 6]",18,What is 3 * 6 ?
740,['multiplication'],"[3, 3]",9,What is 3 * 3 ?
741,['multiplication'],"[1, 4]",4,What is 1 * 4 ?
742,['addition'],"[9, 0]",9,What is 9 + 0 ?
743,['multiplication'],"[5, 10]",50,What is 5 * 10 ?
744,['subtraction'],"[8, 6]",2,What is 8 - 6 ?
745,['addition'],"[4, 7]",11,What is 4 + 7 ?
746,['subtraction'],"[6, 15]",-9,What is 6 - 15 ?
747,['multiplication'],"[5, 4]",20,What is 5 * 4 ?
748,['multiplication'],"[4, 6]",24,What is 4 * 6 ?
749,['multiplication'],"[9, 3]",27,What is 9 * 3 ?
750,['multiplication'],"[4, 1]",4,What is 4 * 1 ?
751,['subtraction'],"[5, 6]",-1,What is 5 - 6 ?
752,['multiplication'],"[8, 6]",48,What is 8 * 6 ?
753,['addition'],"[10, 9]",19,What is 10 + 9 ?
754,['division'],"[3, 1]",3,What is 3 / 1  (rounded to the nearest integer)?
755,['addition'],"[8, 9]",17,What is 8 + 9 ?
756,['addition'],"[6, 1]",7,What is 6 + 1 ?
757,['division'],"[10, 3]",3,What is 10 / 3  (rounded to the nearest integer)?
758,['multiplication'],"[4, 8]",32,What is 4 * 8 ?
759,['multiplication'],"[7, 10]",70,What is 7 * 10 ?
760,['subtraction'],"[3, 14]",-11,What is 3 - 14 ?
761,['subtraction'],"[9, 10]",-1,What is 9 - 10 ?
762,['addition'],"[0, 4]",4,What is 0 + 4 ?
763,['multiplication'],"[5, 6]",30,What is 5 * 6 ?
764,['addition'],"[0, 3]",3,What is 0 + 3 ?
765,['multiplication'],"[7, 4]",28,What is 7 * 4 ?
766,['division'],"[10, 3]",3,What is 10 / 3  (rounded to the nearest integer)?
767,['subtraction'],"[1, 7]",-6,What is 1 - 7 ?
768,['subtraction'],"[2, 14]",-12,What is 2 - 14 ?
769,['division'],"[10, 10]",1,What is 10 / 10  (rounded to the nearest integer)?
770,['addition'],"[8, 5]",13,What is 8 + 5 ?
771,['multiplication'],"[4, 8]",32,What is 4 * 8 ?
772,['division'],"[8, 3]",3,What is 8 / 3  (rounded to the nearest integer)?
773,['addition'],"[0, 13]",13,What is 0 + 13 ?
774,['addition'],"[11, 9]",20,What is 11 + 9 ?
775,['addition'],"[7, 12]",19,What is 7 + 12 ?
776,['subtraction'],"[3, 3]",0,What is 3 - 3 ?
777,['multiplication'],"[3, 9]",27,What is 3 * 9 ?
778,['multiplication'],"[3, 3]",9,What is 3 * 3 ?
779,['multiplication'],"[1, 5]",5,What is 1 * 5 ?
780,['addition'],"[4, 13]",17,What is 4 + 13 ?
781,['addition'],"[9, 6]",15,What is 9 + 6 ?
782,['addition'],"[10, 2]",12,What is 10 + 2 ?
783,['division'],"[9, 8]",1,What is 9 / 8  (rounded to the nearest integer)?
784,['division'],"[8, 7]",1,What is 8 / 7  (rounded to the nearest integer)?
785,['addition'],"[11, 7]",18,What is 11 + 7 ?
786,['addition'],"[8, 4]",12,What is 8 + 4 ?
787,['division'],"[7, 3]",2,What is 7 / 3  (rounded to the nearest integer)?
788,['multiplication'],"[2, 9]",18,What is 2 * 9 ?
789,['addition'],"[9, 5]",14,What is 9 + 5 ?
790,['division'],"[2, 2]",1,What is 2 / 2  (rounded to the nearest integer)?
791,['addition'],"[9, 5]",14,What is 9 + 5 ?
792,['addition'],"[11, 1]",12,What is 11 + 1 ?
793,['addition'],"[12, 15]",27,What is 12 + 15 ?
794,['multiplication'],"[2, 4]",8,What is 2 * 4 ?
795,['multiplication'],"[7, 1]",7,What is 7 * 1 ?
796,['addition'],"[15, 11]",26,What is 15 + 11 ?
797,['multiplication'],"[4, 5]",20,What is 4 * 5 ?
798,['multiplication'],"[5, 1]",5,What is 5 * 1 ?
799,['division'],"[9, 2]",4,What is 9 / 2  (rounded to the nearest integer)?
800,['division'],"[7, 6]",1,What is 7 / 6  (rounded to the nearest integer)?
801,['addition'],"[7, 15]",22,What is 7 + 15 ?
802,['subtraction'],"[4, 10]",-6,What is 4 - 10 ?
803,['division'],"[4, 1]",4,What is 4 / 1  (rounded to the nearest integer)?
804,['division'],"[4, 2]",2,What is 4 / 2  (rounded to the nearest integer)?
805,['division'],"[10, 2]",5,What is 10 / 2  (rounded to the nearest integer)?
806,['multiplication'],"[9, 6]",54,What is 9 * 6 ?
807,['division'],"[8, 1]",8,What is 8 / 1  (rounded to the nearest integer)?
808,['addition'],"[2, 3]",5,What is 2 + 3 ?
809,['multiplication'],"[9, 5]",45,What is 9 * 5 ?
810,['addition'],"[14, 10]",24,What is 14 + 10 ?
811,['subtraction'],"[9, 5]",4,What is 9 - 5 ?
812,['multiplication'],"[6, 2]",12,What is 6 * 2 ?
813,['subtraction'],"[11, 15]",-4,What is 11 - 15 ?
814,['multiplication'],"[1, 8]",8,What is 1 * 8 ?
815,['addition'],"[14, 15]",29,What is 14 + 15 ?
816,['multiplication'],"[3, 1]",3,What is 3 * 1 ?
817,['subtraction'],"[11, 6]",5,What is 11 - 6 ?
818,['division'],"[8, 7]",1,What is 8 / 7  (rounded to the nearest integer)?
819,['addition'],"[4, 1]",5,What is 4 + 1 ?
820,['division'],"[4, 3]",1,What is 4 / 3  (rounded to the nearest integer)?
821,['addition'],"[3, 5]",8,What is 3 + 5 ?
822,['multiplication'],"[1, 10]",10,What is 1 * 10 ?
823,['multiplication'],"[4, 2]",8,What is 4 * 2 ?
824,['division'],"[8, 6]",1,What is 8 / 6  (rounded to the nearest integer)?
825,['division'],"[4, 2]",2,What is 4 / 2  (rounded to the nearest integer)?
826,['multiplication'],"[6, 10]",60,What is 6 * 10 ?
827,['addition'],"[1, 4]",5,What is 1 + 4 ?
828,['multiplication'],"[5, 4]",20,What is 5 * 4 ?
829,['division'],"[9, 6]",2,What is 9 / 6  (rounded to the nearest integer)?
830,['subtraction'],"[9, 15]",-6,What is 9 - 15 ?
831,['multiplication'],"[10, 5]",50,What is 10 * 5 ?
832,['multiplication'],"[8, 6]",48,What is 8 * 6 ?
833,['division'],"[3, 1]",3,What is 3 / 1  (rounded to the nearest integer)?
834,['division'],"[7, 7]",1,What is 7 / 7  (rounded to the nearest integer)?
835,['addition'],"[1, 11]",12,What is 1 + 11 ?
836,['subtraction'],"[8, 15]",-7,What is 8 - 15 ?
837,['subtraction'],"[12, 3]",9,What is 12 - 3 ?
838,['division'],"[3, 2]",2,What is 3 / 2  (rounded to the nearest integer)?
839,['multiplication'],"[5, 1]",5,What is 5 * 1 ?
840,['addition'],"[6, 3]",9,What is 6 + 3 ?
841,['subtraction'],"[8, 10]",-2,What is 8 - 10 ?
842,['division'],"[10, 2]",5,What is 10 / 2  (rounded to the nearest integer)?
843,['multiplication'],"[5, 3]",15,What is 5 * 3 ?
844,['division'],"[10, 5]",2,What is 10 / 5  (rounded to the nearest integer)?
845,['subtraction'],"[6, 7]",-1,What is 6 - 7 ?
846,['division'],"[7, 1]",7,What is 7 / 1  (rounded to the nearest integer)?
847,['subtraction'],"[13, 0]",13,What is 13 - 0 ?
848,['addition'],"[5, 3]",8,What is 5 + 3 ?
849,['addition'],"[4, 2]",6,What is 4 + 2 ?
850,['subtraction'],"[7, 14]",-7,What is 7 - 14 ?
851,['subtraction'],"[0, 3]",-3,What is 0 - 3 ?
852,['multiplication'],"[9, 9]",81,What is 9 * 9 ?
853,['addition'],"[14, 8]",22,What is 14 + 8 ?
854,['division'],"[5, 4]",1,What is 5 / 4  (rounded to the nearest integer)?
855,['addition'],"[3, 8]",11,What is 3 + 8 ?
856,['subtraction'],"[8, 5]",3,What is 8 - 5 ?
857,['division'],"[7, 3]",2,What is 7 / 3  (rounded to the nearest integer)?
858,['subtraction'],"[2, 7]",-5,What is 2 - 7 ?
859,['subtraction'],"[15, 3]",12,What is 15 - 3 ?
860,['division'],"[10, 8]",1,What is 10 / 8  (rounded to the nearest integer)?
861,['multiplication'],"[4, 2]",8,What is 4 * 2 ?
862,['subtraction'],"[4, 15]",-11,What is 4 - 15 ?
863,['division'],"[10, 7]",1,What is 10 / 7  (rounded to the nearest integer)?
864,['division'],"[10, 7]",1,What is 10 / 7  (rounded to the nearest integer)?
865,['multiplication'],"[3, 5]",15,What is 3 * 5 ?
866,['subtraction'],"[13, 12]",1,What is 13 - 12 ?
867,['addition'],"[6, 5]",11,What is 6 + 5 ?
868,['division'],"[10, 10]",1,What is 10 / 10  (rounded to the nearest integer)?
869,['subtraction'],"[7, 12]",-5,What is 7 - 12 ?
870,['division'],"[9, 9]",1,What is 9 / 9  (rounded to the nearest integer)?
871,['division'],"[7, 4]",2,What is 7 / 4  (rounded to the nearest integer)?
872,['addition'],"[4, 1]",5,What is 4 + 1 ?
873,['multiplication'],"[4, 1]",4,What is 4 * 1 ?
874,['multiplication'],"[3, 3]",9,What is 3 * 3 ?
875,['subtraction'],"[14, 13]",1,What is 14 - 13 ?
876,['subtraction'],"[4, 9]",-5,What is 4 - 9 ?
877,['subtraction'],"[13, 4]",9,What is 13 - 4 ?
878,['addition'],"[8, 1]",9,What is 8 + 1 ?
879,['addition'],"[11, 6]",17,What is 11 + 6 ?
880,['multiplication'],"[3, 10]",30,What is 3 * 10 ?
881,['subtraction'],"[6, 12]",-6,What is 6 - 12 ?
882,['multiplication'],"[9, 1]",9,What is 9 * 1 ?
883,['multiplication'],"[1, 9]",9,What is 1 * 9 ?
884,['division'],"[3, 1]",3,What is 3 / 1  (rounded to the nearest integer)?
885,['addition'],"[11, 3]",14,What is 11 + 3 ?
886,['multiplication'],"[6, 5]",30,What is 6 * 5 ?
887,['subtraction'],"[0, 15]",-15,What is 0 - 15 ?
888,['addition'],"[10, 14]",24,What is 10 + 14 ?
889,['division'],"[7, 2]",4,What is 7 / 2  (rounded to the nearest integer)?
890,['division'],"[5, 2]",2,What is 5 / 2  (rounded to the nearest integer)?
891,['addition'],"[5, 13]",18,What is 5 + 13 ?
892,['multiplication'],"[6, 10]",60,What is 6 * 10 ?
893,['multiplication'],"[3, 10]",30,What is 3 * 10 ?
894,['division'],"[8, 3]",3,What is 8 / 3  (rounded to the nearest integer)?
895,['multiplication'],"[6, 5]",30,What is 6 * 5 ?
896,['subtraction'],"[10, 10]",0,What is 10 - 10 ?
897,['multiplication'],"[4, 8]",32,What is 4 * 8 ?
898,['subtraction'],"[15, 13]",2,What is 15 - 13 ?
899,['addition'],"[15, 2]",17,What is 15 + 2 ?
900,['addition'],"[8, 4]",12,What is 8 + 4 ?
901,['multiplication'],"[4, 2]",8,What is 4 * 2 ?
902,['subtraction'],"[11, 2]",9,What is 11 - 2 ?
903,['multiplication'],"[9, 7]",63,What is 9 * 7 ?
904,['addition'],"[11, 6]",17,What is 11 + 6 ?
905,['subtraction'],"[10, 13]",-3,What is 10 - 13 ?
906,['subtraction'],"[1, 8]",-7,What is 1 - 8 ?
907,['division'],"[6, 6]",1,What is 6 / 6  (rounded to the nearest integer)?
908,['multiplication'],"[6, 2]",12,What is 6 * 2 ?
909,['multiplication'],"[4, 10]",40,What is 4 * 10 ?
910,['addition'],"[9, 0]",9,What is 9 + 0 ?
911,['addition'],"[14, 2]",16,What is 14 + 2 ?
912,['subtraction'],"[1, 13]",-12,What is 1 - 13 ?
913,['multiplication'],"[6, 7]",42,What is 6 * 7 ?
914,['division'],"[5, 2]",2,What is 5 / 2  (rounded to the nearest integer)?
915,['subtraction'],"[7, 4]",3,What is 7 - 4 ?
916,['division'],"[4, 4]",1,What is 4 / 4  (rounded to the nearest integer)?
917,['addition'],"[9, 1]",10,What is 9 + 1 ?
918,['division'],"[3, 2]",2,What is 3 / 2  (rounded to the nearest integer)?
919,['division'],"[8, 5]",2,What is 8 / 5  (rounded to the nearest integer)?
920,['division'],"[4, 2]",2,What is 4 / 2  (rounded to the nearest integer)?
921,['addition'],"[3, 3]",6,What is 3 + 3 ?
922,['addition'],"[6, 13]",19,What is 6 + 13 ?
923,['addition'],"[9, 3]",12,What is 9 + 3 ?
924,['division'],"[10, 5]",2,What is 10 / 5  (rounded to the nearest integer)?
925,['division'],"[9, 8]",1,What is 9 / 8  (rounded to the nearest integer)?
926,['subtraction'],"[10, 11]",-1,What is 10 - 11 ?
927,['multiplication'],"[3, 10]",30,What is 3 * 10 ?
928,['subtraction'],"[10, 14]",-4,What is 10 - 14 ?
929,['subtraction'],"[9, 9]",0,What is 9 - 9 ?
930,['addition'],"[1, 2]",3,What is 1 + 2 ?
931,['division'],"[3, 2]",2,What is 3 / 2  (rounded to the nearest integer)?
932,['multiplication'],"[1, 3]",3,What is 1 * 3 ?
933,['subtraction'],"[0, 9]",-9,What is 0 - 9 ?
934,['addition'],"[2, 3]",5,What is 2 + 3 ?
935,['multiplication'],"[7, 2]",14,What is 7 * 2 ?
936,['subtraction'],"[14, 3]",11,What is 14 - 3 ?
937,['multiplication'],"[8, 2]",16,What is 8 * 2 ?
938,['subtraction'],"[6, 13]",-7,What is 6 - 13 ?
939,['multiplication'],"[5, 9]",45,What is 5 * 9 ?
940,['multiplication'],"[6, 2]",12,What is 6 * 2 ?
941,['subtraction'],"[15, 15]",0,What is 15 - 15 ?
942,['subtraction'],"[5, 3]",2,What is 5 - 3 ?
943,['addition'],"[8, 15]",23,What is 8 + 15 ?
944,['division'],"[8, 7]",1,What is 8 / 7  (rounded to the nearest integer)?
945,['subtraction'],"[12, 4]",8,What is 12 - 4 ?
946,['division'],"[6, 1]",6,What is 6 / 1  (rounded to the nearest integer)?
947,['division'],"[6, 5]",1,What is 6 / 5  (rounded to the nearest integer)?
948,['division'],"[10, 5]",2,What is 10 / 5  (rounded to the nearest integer)?
949,['multiplication'],"[5, 8]",40,What is 5 * 8 ?
950,['addition'],"[14, 3]",17,What is 14 + 3 ?
951,['addition'],"[8, 6]",14,What is 8 + 6 ?
952,['addition'],"[15, 1]",16,What is 15 + 1 ?
953,['multiplication'],"[6, 1]",6,What is 6 * 1 ?
954,['addition'],"[12, 9]",21,What is 12 + 9 ?
955,['subtraction'],"[4, 7]",-3,What is 4 - 7 ?
956,['division'],"[5, 1]",5,What is 5 / 1  (rounded to the nearest integer)?
957,['subtraction'],"[10, 10]",0,What is 10 - 10 ?
958,['subtraction'],"[4, 1]",3,What is 4 - 1 ?
959,['division'],"[5, 1]",5,What is 5 / 1  (rounded to the nearest integer)?
960,['multiplication'],"[5, 7]",35,What is 5 * 7 ?
961,['addition'],"[7, 10]",17,What is 7 + 10 ?
962,['division'],"[6, 4]",2,What is 6 / 4  (rounded to the nearest integer)?
963,['division'],"[10, 2]",5,What is 10 / 2  (rounded to the nearest integer)?
964,['subtraction'],"[8, 14]",-6,What is 8 - 14 ?
965,['addition'],"[7, 0]",7,What is 7 + 0 ?
966,['addition'],"[0, 6]",6,What is 0 + 6 ?
967,['subtraction'],"[1, 1]",0,What is 1 - 1 ?
968,['division'],"[10, 4]",2,What is 10 / 4  (rounded to the nearest integer)?
969,['addition'],"[11, 14]",25,What is 11 + 14 ?
970,['multiplication'],"[2, 6]",12,What is 2 * 6 ?
971,['multiplication'],"[10, 6]",60,What is 10 * 6 ?
972,['addition'],"[7, 1]",8,What is 7 + 1 ?
973,['subtraction'],"[10, 11]",-1,What is 10 - 11 ?
974,['addition'],"[15, 13]",28,What is 15 + 13 ?
975,['subtraction'],"[4, 8]",-4,What is 4 - 8 ?
976,['multiplication'],"[10, 6]",60,What is 10 * 6 ?
977,['subtraction'],"[15, 3]",12,What is 15 - 3 ?
978,['division'],"[9, 2]",4,What is 9 / 2  (rounded to the nearest integer)?
979,['subtraction'],"[4, 1]",3,What is 4 - 1 ?
980,['division'],"[10, 9]",1,What is 10 / 9  (rounded to the nearest integer)?
981,['division'],"[10, 2]",5,What is 10 / 2  (rounded to the nearest integer)?
982,['addition'],"[6, 6]",12,What is 6 + 6 ?
983,['multiplication'],"[8, 9]",72,What is 8 * 9 ?
984,['subtraction'],"[6, 13]",-7,What is 6 - 13 ?
985,['multiplication'],"[2, 4]",8,What is 2 * 4 ?
986,['addition'],"[12, 9]",21,What is 12 + 9 ?
987,['addition'],"[1, 15]",16,What is 1 + 15 ?
988,['division'],"[10, 8]",1,What is 10 / 8  (rounded to the nearest integer)?
989,['division'],"[6, 5]",1,What is 6 / 5  (rounded to the nearest integer)?
990,['subtraction'],"[15, 4]",11,What is 15 - 4 ?
991,['multiplication'],"[6, 8]",48,What is 6 * 8 ?
992,['multiplication'],"[8, 2]",16,What is 8 * 2 ?
993,['multiplication'],"[1, 7]",7,What is 1 * 7 ?
994,['division'],"[5, 2]",2,What is 5 / 2  (rounded to the nearest integer)?
995,['addition'],"[3, 7]",10,What is 3 + 7 ?
996,['multiplication'],"[6, 9]",54,What is 6 * 9 ?
997,['subtraction'],"[1, 9]",-8,What is 1 - 9 ?
998,['addition'],"[6, 2]",8,What is 6 + 2 ?
999,['addition'],"[3, 15]",18,What is 3 + 15 ?
1000,['subtraction'],"[7, 14]",-7,What is 7 - 14 ?
1001,['addition'],"[4, 8]",12,What is 4 + 8 ?
1002,['multiplication'],"[7, 2]",14,What is 7 * 2 ?
1003,['addition'],"[3, 3]",6,What is 3 + 3 ?
1004,['multiplication'],"[8, 2]",16,What is 8 * 2 ?
1005,['addition'],"[14, 4]",18,What is 14 + 4 ?
1006,['multiplication'],"[3, 2]",6,What is 3 * 2 ?
1007,['subtraction'],"[1, 2]",-1,What is 1 - 2 ?
1008,['subtraction'],"[10, 6]",4,What is 10 - 6 ?
1009,['subtraction'],"[0, 12]",-12,What is 0 - 12 ?
1010,['addition'],"[11, 8]",19,What is 11 + 8 ?
1011,['multiplication'],"[6, 2]",12,What is 6 * 2 ?
1012,['addition'],"[9, 3]",12,What is 9 + 3 ?
1013,['division'],"[5, 4]",1,What is 5 / 4  (rounded to the nearest integer)?
1014,['multiplication'],"[1, 1]",1,What is 1 * 1 ?
1015,['addition'],"[8, 12]",20,What is 8 + 12 ?
1016,['multiplication'],"[4, 6]",24,What is 4 * 6 ?
1017,['subtraction'],"[3, 13]",-10,What is 3 - 13 ?
1018,['multiplication'],"[7, 9]",63,What is 7 * 9 ?
1019,['addition'],"[11, 4]",15,What is 11 + 4 ?
1020,['subtraction'],"[13, 6]",7,What is 13 - 6 ?
1021,['multiplication'],"[10, 8]",80,What is 10 * 8 ?
1022,['multiplication'],"[6, 7]",42,What is 6 * 7 ?
1023,['subtraction'],"[1, 7]",-6,What is 1 - 7 ?
1024,['division'],"[7, 2]",4,What is 7 / 2  (rounded to the nearest integer)?
1025,['division'],"[10, 5]",2,What is 10 / 5  (rounded to the nearest integer)?
1026,['multiplication'],"[10, 5]",50,What is 10 * 5 ?
1027,['addition'],"[3, 12]",15,What is 3 + 12 ?
1028,['multiplication'],"[10, 9]",90,What is 10 * 9 ?
1029,['addition'],"[13, 12]",25,What is 13 + 12 ?
1030,['subtraction'],"[6, 10]",-4,What is 6 - 10 ?
1031,['subtraction'],"[12, 6]",6,What is 12 - 6 ?
1032,['division'],"[10, 5]",2,What is 10 / 5  (rounded to the nearest integer)?
1033,['multiplication'],"[5, 5]",25,What is 5 * 5 ?
1034,['multiplication'],"[3, 10]",30,What is 3 * 10 ?
1035,['multiplication'],"[2, 9]",18,What is 2 * 9 ?
1036,['subtraction'],"[13, 5]",8,What is 13 - 5 ?
1037,['multiplication'],"[10, 1]",10,What is 10 * 1 ?
1038,['multiplication'],"[8, 6]",48,What is 8 * 6 ?
1039,['subtraction'],"[7, 2]",5,What is 7 - 2 ?
1040,['division'],"[9, 8]",1,What is 9 / 8  (rounded to the nearest integer)?
1041,['division'],"[4, 3]",1,What is 4 / 3  (rounded to the nearest integer)?
1042,['multiplication'],"[1, 7]",7,What is 1 * 7 ?
1043,['division'],"[4, 1]",4,What is 4 / 1  (rounded to the nearest integer)?
1044,['division'],"[7, 5]",1,What is 7 / 5  (rounded to the nearest integer)?
1045,['subtraction'],"[13, 10]",3,What is 13 - 10 ?
1046,['addition'],"[11, 7]",18,What is 11 + 7 ?
1047,['addition'],"[15, 1]",16,What is 15 + 1 ?
1048,['division'],"[6, 6]",1,What is 6 / 6  (rounded to the nearest integer)?
1049,['multiplication'],"[10, 4]",40,What is 10 * 4 ?
1050,['multiplication'],"[8, 4]",32,What is 8 * 4 ?
1051,['subtraction'],"[3, 3]",0,What is 3 - 3 ?
1052,['multiplication'],"[10, 10]",100,What is 10 * 10 ?
1053,['addition'],"[4, 3]",7,What is 4 + 3 ?
1054,['multiplication'],"[4, 1]",4,What is 4 * 1 ?
1055,['subtraction'],"[7, 4]",3,What is 7 - 4 ?
1056,['addition'],"[7, 9]",16,What is 7 + 9 ?
1057,['subtraction'],"[9, 5]",4,What is 9 - 5 ?
1058,['addition'],"[6, 4]",10,What is 6 + 4 ?
1059,['addition'],"[4, 12]",16,What is 4 + 12 ?
1060,['division'],"[7, 2]",4,What is 7 / 2  (rounded to the nearest integer)?
1061,['subtraction'],"[0, 13]",-13,What is 0 - 13 ?
1062,['addition'],"[14, 7]",21,What is 14 + 7 ?
1063,['multiplication'],"[9, 8]",72,What is 9 * 8 ?
1064,['division'],"[10, 6]",2,What is 10 / 6  (rounded to the nearest integer)?
1065,['multiplication'],"[9, 6]",54,What is 9 * 6 ?
1066,['multiplication'],"[2, 2]",4,What is 2 * 2 ?
1067,['division'],"[6, 5]",1,What is 6 / 5  (rounded to the nearest integer)?
1068,['multiplication'],"[4, 9]",36,What is 4 * 9 ?
1069,['division'],"[8, 7]",1,What is 8 / 7  (rounded to the nearest integer)?
1070,['division'],"[8, 7]",1,What is 8 / 7  (rounded to the nearest integer)?
1071,['multiplication'],"[2, 10]",20,What is 2 * 10 ?
1072,['addition'],"[1, 3]",4,What is 1 + 3 ?
1073,['multiplication'],"[2, 6]",12,What is 2 * 6 ?
1074,['multiplication'],"[3, 4]",12,What is 3 * 4 ?
1075,['division'],"[7, 4]",2,What is 7 / 4  (rounded to the nearest integer)?
1076,['subtraction'],"[0, 1]",-1,What is 0 - 1 ?
1077,['addition'],"[2, 5]",7,What is 2 + 5 ?
1078,['addition'],"[14, 13]",27,What is 14 + 13 ?
1079,['division'],"[8, 8]",1,What is 8 / 8  (rounded to the nearest integer)?
1080,['subtraction'],"[10, 1]",9,What is 10 - 1 ?
1081,['subtraction'],"[11, 0]",11,What is 11 - 0 ?
1082,['subtraction'],"[0, 4]",-4,What is 0 - 4 ?
1083,['division'],"[10, 2]",5,What is 10 / 2  (rounded to the nearest integer)?
1084,['multiplication'],"[6, 8]",48,What is 6 * 8 ?
1085,['addition'],"[4, 10]",14,What is 4 + 10 ?
1086,['addition'],"[5, 0]",5,What is 5 + 0 ?
1087,['addition'],"[6, 1]",7,What is 6 + 1 ?
1088,['subtraction'],"[4, 3]",1,What is 4 - 3 ?
1089,['addition'],"[14, 2]",16,What is 14 + 2 ?
1090,['division'],"[6, 2]",3,What is 6 / 2  (rounded to the nearest integer)?
1091,['multiplication'],"[7, 7]",49,What is 7 * 7 ?
1092,['subtraction'],"[1, 7]",-6,What is 1 - 7 ?
1093,['multiplication'],"[7, 3]",21,What is 7 * 3 ?
1094,['subtraction'],"[9, 10]",-1,What is 9 - 10 ?
1095,['subtraction'],"[3, 7]",-4,What is 3 - 7 ?
1096,['addition'],"[3, 15]",18,What is 3 + 15 ?
1097,['subtraction'],"[10, 12]",-2,What is 10 - 12 ?
1098,['division'],"[6, 6]",1,What is 6 / 6  (rounded to the nearest integer)?
1099,['division'],"[10, 9]",1,What is 10 / 9  (rounded to the nearest integer)?
1100,['division'],"[3, 1]",3,What is 3 / 1  (rounded to the nearest integer)?
1101,['division'],"[9, 1]",9,What is 9 / 1  (rounded to the nearest integer)?
1102,['multiplication'],"[10, 10]",100,What is 10 * 10 ?
1103,['addition'],"[15, 3]",18,What is 15 + 3 ?
1104,['subtraction'],"[13, 8]",5,What is 13 - 8 ?
1105,['subtraction'],"[2, 0]",2,What is 2 - 0 ?
1106,['subtraction'],"[9, 15]",-6,What is 9 - 15 ?
1107,['multiplication'],"[5, 3]",15,What is 5 * 3 ?
1108,['addition'],"[11, 3]",14,What is 11 + 3 ?
1109,['subtraction'],"[14, 11]",3,What is 14 - 11 ?
1110,['multiplication'],"[1, 6]",6,What is 1 * 6 ?
1111,['division'],"[7, 1]",7,What is 7 / 1  (rounded to the nearest integer)?
1112,['subtraction'],"[9, 13]",-4,What is 9 - 13 ?
1113,['multiplication'],"[5, 3]",15,What is 5 * 3 ?
1114,['multiplication'],"[4, 4]",16,What is 4 * 4 ?
1115,['addition'],"[1, 13]",14,What is 1 + 13 ?
1116,['subtraction'],"[6, 15]",-9,What is 6 - 15 ?
1117,['addition'],"[9, 2]",11,What is 9 + 2 ?
1118,['subtraction'],"[6, 3]",3,What is 6 - 3 ?
1119,['multiplication'],"[7, 6]",42,What is 7 * 6 ?
1120,['subtraction'],"[7, 3]",4,What is 7 - 3 ?
1121,['addition'],"[2, 0]",2,What is 2 + 0 ?
1122,['multiplication'],"[6, 2]",12,What is 6 * 2 ?
1123,['division'],"[9, 4]",2,What is 9 / 4  (rounded to the nearest integer)?
1124,['multiplication'],"[7, 4]",28,What is 7 * 4 ?
1125,['division'],"[7, 2]",4,What is 7 / 2  (rounded to the nearest integer)?
1126,['subtraction'],"[0, 13]",-13,What is 0 - 13 ?
1127,['division'],"[10, 10]",1,What is 10 / 10  (rounded to the nearest integer)?
1128,['division'],"[5, 1]",5,What is 5 / 1  (rounded to the nearest integer)?
1129,['multiplication'],"[3, 10]",30,What is 3 * 10 ?
1130,['division'],"[9, 8]",1,What is 9 / 8  (rounded to the nearest integer)?
1131,['subtraction'],"[8, 2]",6,What is 8 - 2 ?
1132,['subtraction'],"[13, 12]",1,What is 13 - 12 ?
1133,['subtraction'],"[9, 9]",0,What is 9 - 9 ?
1134,['multiplication'],"[1, 5]",5,What is 1 * 5 ?
1135,['division'],"[5, 4]",1,What is 5 / 4  (rounded to the nearest integer)?
1136,['division'],"[9, 4]",2,What is 9 / 4  (rounded to the nearest integer)?
1137,['subtraction'],"[6, 7]",-1,What is 6 - 7 ?
1138,['addition'],"[9, 3]",12,What is 9 + 3 ?
1139,['multiplication'],"[10, 8]",80,What is 10 * 8 ?
1140,['subtraction'],"[6, 7]",-1,What is 6 - 7 ?
1141,['multiplication'],"[9, 9]",81,What is 9 * 9 ?
1142,['division'],"[10, 3]",3,What is 10 / 3  (rounded to the nearest integer)?
1143,['multiplication'],"[5, 1]",5,What is 5 * 1 ?
1144,['multiplication'],"[1, 1]",1,What is 1 * 1 ?
1145,['division'],"[8, 2]",4,What is 8 / 2  (rounded to the nearest integer)?
1146,['division'],"[7, 7]",1,What is 7 / 7  (rounded to the nearest integer)?
1147,['multiplication'],"[2, 8]",16,What is 2 * 8 ?
1148,['multiplication'],"[5, 2]",10,What is 5 * 2 ?
1149,['division'],"[10, 1]",10,What is 10 / 1  (rounded to the nearest integer)?
1150,['addition'],"[13, 9]",22,What is 13 + 9 ?
1151,['subtraction'],"[8, 5]",3,What is 8 - 5 ?
1152,['subtraction'],"[12, 11]",1,What is 12 - 11 ?
1153,['subtraction'],"[9, 10]",-1,What is 9 - 10 ?
1154,['multiplication'],"[4, 5]",20,What is 4 * 5 ?
1155,['addition'],"[1, 14]",15,What is 1 + 14 ?
1156,['division'],"[6, 5]",1,What is 6 / 5  (rounded to the nearest integer)?
1157,['subtraction'],"[9, 13]",-4,What is 9 - 13 ?
1158,['addition'],"[8, 9]",17,What is 8 + 9 ?
1159,['addition'],"[2, 11]",13,What is 2 + 11 ?
1160,['division'],"[4, 1]",4,What is 4 / 1  (rounded to the nearest integer)?
1161,['multiplication'],"[6, 7]",42,What is 6 * 7 ?
1162,['division'],"[8, 4]",2,What is 8 / 4  (rounded to the nearest integer)?
1163,['division'],"[9, 7]",1,What is 9 / 7  (rounded to the nearest integer)?
1164,['division'],"[10, 7]",1,What is 10 / 7  (rounded to the nearest integer)?
1165,['subtraction'],"[0, 12]",-12,What is 0 - 12 ?
1166,['subtraction'],"[0, 15]",-15,What is 0 - 15 ?
1167,['division'],"[7, 5]",1,What is 7 / 5  (rounded to the nearest integer)?
1168,['multiplication'],"[2, 10]",20,What is 2 * 10 ?
1169,['addition'],"[4, 7]",11,What is 4 + 7 ?
1170,['division'],"[1, 1]",1,What is 1 / 1  (rounded to the nearest integer)?
1171,['multiplication'],"[5, 10]",50,What is 5 * 10 ?
1172,['division'],"[1, 1]",1,What is 1 / 1  (rounded to the nearest integer)?
1173,['multiplication'],"[4, 1]",4,What is 4 * 1 ?
1174,['addition'],"[1, 1]",2,What is 1 + 1 ?
1175,['multiplication'],"[4, 1]",4,What is 4 * 1 ?
1176,['subtraction'],"[6, 10]",-4,What is 6 - 10 ?
1177,['multiplication'],"[4, 4]",16,What is 4 * 4 ?
1178,['addition'],"[1, 6]",7,What is 1 + 6 ?
1179,['subtraction'],"[8, 0]",8,What is 8 - 0 ?
1180,['subtraction'],"[4, 5]",-1,What is 4 - 5 ?
1181,['subtraction'],"[1, 4]",-3,What is 1 - 4 ?
1182,['subtraction'],"[10, 12]",-2,What is 10 - 12 ?
1183,['multiplication'],"[7, 3]",21,What is 7 * 3 ?
1184,['addition'],"[1, 14]",15,What is 1 + 14 ?
1185,['addition'],"[1, 3]",4,What is 1 + 3 ?
1186,['division'],"[7, 3]",2,What is 7 / 3  (rounded to the nearest integer)?
1187,['division'],"[10, 9]",1,What is 10 / 9  (rounded to the nearest integer)?
1188,['subtraction'],"[9, 12]",-3,What is 9 - 12 ?
1189,['addition'],"[0, 13]",13,What is 0 + 13 ?
1190,['subtraction'],"[4, 4]",0,What is 4 - 4 ?
1191,['subtraction'],"[7, 5]",2,What is 7 - 5 ?
1192,['addition'],"[13, 0]",13,What is 13 + 0 ?
1193,['subtraction'],"[13, 14]",-1,What is 13 - 14 ?
1194,['subtraction'],"[3, 11]",-8,What is 3 - 11 ?
1195,['division'],"[6, 5]",1,What is 6 / 5  (rounded to the nearest integer)?
1196,['division'],"[7, 3]",2,What is 7 / 3  (rounded to the nearest integer)?
1197,['subtraction'],"[14, 3]",11,What is 14 - 3 ?
1198,['subtraction'],"[8, 13]",-5,What is 8 - 13 ?
1199,['addition'],"[12, 1]",13,What is 12 + 1 ?
1200,['multiplication'],"[8, 4]",32,What is 8 * 4 ?
1201,['addition'],"[6, 1]",7,What is 6 + 1 ?
1202,['addition'],"[12, 3]",15,What is 12 + 3 ?
1203,['division'],"[9, 8]",1,What is 9 / 8  (rounded to the nearest integer)?
1204,['addition'],"[15, 10]",25,What is 15 + 10 ?
1205,['division'],"[9, 8]",1,What is 9 / 8  (rounded to the nearest integer)?
1206,['division'],"[5, 1]",5,What is 5 / 1  (rounded to the nearest integer)?
1207,['division'],"[9, 5]",2,What is 9 / 5  (rounded to the nearest integer)?
1208,['addition'],"[13, 0]",13,What is 13 + 0 ?
1209,['subtraction'],"[1, 5]",-4,What is 1 - 5 ?
1210,['division'],"[6, 6]",1,What is 6 / 6  (rounded to the nearest integer)?
1211,['subtraction'],"[13, 10]",3,What is 13 - 10 ?
1212,['multiplication'],"[4, 7]",28,What is 4 * 7 ?
1213,['multiplication'],"[2, 5]",10,What is 2 * 5 ?
1214,['subtraction'],"[7, 15]",-8,What is 7 - 15 ?
1215,['division'],"[4, 2]",2,What is 4 / 2  (rounded to the nearest integer)?
1216,['addition'],"[10, 2]",12,What is 10 + 2 ?
1217,['subtraction'],"[2, 2]",0,What is 2 - 2 ?
1218,['addition'],"[12, 3]",15,What is 12 + 3 ?
1219,['subtraction'],"[14, 11]",3,What is 14 - 11 ?
1220,['addition'],"[12, 5]",17,What is 12 + 5 ?
1221,['subtraction'],"[6, 2]",4,What is 6 - 2 ?
1222,['subtraction'],"[7, 11]",-4,What is 7 - 11 ?
1223,['multiplication'],"[10, 10]",100,What is 10 * 10 ?
1224,['subtraction'],"[7, 8]",-1,What is 7 - 8 ?
1225,['addition'],"[11, 6]",17,What is 11 + 6 ?
1226,['addition'],"[3, 8]",11,What is 3 + 8 ?
1227,['addition'],"[8, 8]",16,What is 8 + 8 ?
1228,['addition'],"[9, 10]",19,What is 9 + 10 ?
1229,['addition'],"[12, 6]",18,What is 12 + 6 ?
1230,['subtraction'],"[8, 14]",-6,What is 8 - 14 ?
1231,['addition'],"[0, 15]",15,What is 0 + 15 ?
1232,['addition'],"[8, 2]",10,What is 8 + 2 ?
1233,['division'],"[7, 6]",1,What is 7 / 6  (rounded to the nearest integer)?
1234,['addition'],"[12, 7]",19,What is 12 + 7 ?
1235,['subtraction'],"[0, 13]",-13,What is 0 - 13 ?
1236,['addition'],"[2, 8]",10,What is 2 + 8 ?
1237,['addition'],"[12, 3]",15,What is 12 + 3 ?
1238,['division'],"[9, 4]",2,What is 9 / 4  (rounded to the nearest integer)?
1239,['multiplication'],"[1, 9]",9,What is 1 * 9 ?
1240,['subtraction'],"[12, 11]",1,What is 12 - 11 ?
1241,['multiplication'],"[5, 8]",40,What is 5 * 8 ?
1242,['addition'],"[5, 15]",20,What is 5 + 15 ?
1243,['division'],"[9, 6]",2,What is 9 / 6  (rounded to the nearest integer)?
1244,['subtraction'],"[6, 9]",-3,What is 6 - 9 ?
1245,['subtraction'],"[4, 3]",1,What is 4 - 3 ?
1246,['multiplication'],"[10, 10]",100,What is 10 * 10 ?
1247,['division'],"[10, 1]",10,What is 10 / 1  (rounded to the nearest integer)?
1248,['multiplication'],"[2, 9]",18,What is 2 * 9 ?
1249,['division'],"[10, 5]",2,What is 10 / 5  (rounded to the nearest integer)?
1250,['division'],"[6, 2]",3,What is 6 / 2  (rounded to the nearest integer)?
1251,['multiplication'],"[1, 1]",1,What is 1 * 1 ?
1252,['division'],"[5, 5]",1,What is 5 / 5  (rounded to the nearest integer)?
1253,['division'],"[8, 2]",4,What is 8 / 2  (rounded to the nearest integer)?
1254,['subtraction'],"[3, 9]",-6,What is 3 - 9 ?
1255,['subtraction'],"[15, 7]",8,What is 15 - 7 ?
1256,['multiplication'],"[2, 10]",20,What is 2 * 10 ?
1257,['division'],"[9, 3]",3,What is 9 / 3  (rounded to the nearest integer)?
1258,['multiplication'],"[9, 1]",9,What is 9 * 1 ?
1259,['division'],"[5, 2]",2,What is 5 / 2  (rounded to the nearest integer)?
1260,['division'],"[9, 1]",9,What is 9 / 1  (rounded to the nearest integer)?
1261,['multiplication'],"[5, 2]",10,What is 5 * 2 ?
1262,['subtraction'],"[3, 12]",-9,What is 3 - 12 ?
1263,['addition'],"[14, 1]",15,What is 14 + 1 ?
1264,['addition'],"[5, 8]",13,What is 5 + 8 ?
1265,['multiplication'],"[8, 8]",64,What is 8 * 8 ?
1266,['multiplication'],"[5, 9]",45,What is 5 * 9 ?
1267,['addition'],"[12, 9]",21,What is 12 + 9 ?
1268,['division'],"[5, 1]",5,What is 5 / 1  (rounded to the nearest integer)?
1269,['addition'],"[8, 7]",15,What is 8 + 7 ?
1270,['multiplication'],"[1, 8]",8,What is 1 * 8 ?
1271,['subtraction'],"[3, 8]",-5,What is 3 - 8 ?
1272,['addition'],"[7, 2]",9,What is 7 + 2 ?
1273,['subtraction'],"[11, 1]",10,What is 11 - 1 ?
1274,['subtraction'],"[13, 15]",-2,What is 13 - 15 ?
1275,['subtraction'],"[0, 15]",-15,What is 0 - 15 ?
1276,['multiplication'],"[3, 4]",12,What is 3 * 4 ?
1277,['addition'],"[3, 9]",12,What is 3 + 9 ?
1278,['addition'],"[2, 12]",14,What is 2 + 12 ?
1279,['subtraction'],"[1, 5]",-4,What is 1 - 5 ?
1280,['division'],"[9, 2]",4,What is 9 / 2  (rounded to the nearest integer)?
1281,['subtraction'],"[13, 13]",0,What is 13 - 13 ?
1282,['division'],"[4, 2]",2,What is 4 / 2  (rounded to the nearest integer)?
1283,['multiplication'],"[9, 8]",72,What is 9 * 8 ?
1284,['subtraction'],"[14, 13]",1,What is 14 - 13 ?
1285,['multiplication'],"[8, 3]",24,What is 8 * 3 ?
1286,['addition'],"[7, 2]",9,What is 7 + 2 ?
1287,['subtraction'],"[15, 4]",11,What is 15 - 4 ?
1288,['multiplication'],"[9, 9]",81,What is 9 * 9 ?
1289,['addition'],"[11, 4]",15,What is 11 + 4 ?
1290,['subtraction'],"[2, 1]",1,What is 2 - 1 ?
1291,['subtraction'],"[0, 2]",-2,What is 0 - 2 ?
1292,['multiplication'],"[6, 9]",54,What is 6 * 9 ?
1293,['multiplication'],"[9, 8]",72,What is 9 * 8 ?
1294,['subtraction'],"[3, 0]",3,What is 3 - 0 ?
1295,['multiplication'],"[10, 7]",70,What is 10 * 7 ?
1296,['addition'],"[15, 1]",16,What is 15 + 1 ?
1297,['division'],"[7, 7]",1,What is 7 / 7  (rounded to the nearest integer)?
1298,['multiplication'],"[3, 4]",12,What is 3 * 4 ?
1299,['division'],"[10, 6]",2,What is 10 / 6  (rounded to the nearest integer)?
1300,['subtraction'],"[8, 11]",-3,What is 8 - 11 ?
1301,['multiplication'],"[4, 4]",16,What is 4 * 4 ?
1302,['division'],"[8, 4]",2,What is 8 / 4  (rounded to the nearest integer)?
1303,['addition'],"[13, 0]",13,What is 13 + 0 ?
1304,['multiplication'],"[3, 3]",9,What is 3 * 3 ?
1305,['addition'],"[4, 4]",8,What is 4 + 4 ?
1306,['division'],"[3, 2]",2,What is 3 / 2  (rounded to the nearest integer)?
1307,['subtraction'],"[0, 4]",-4,What is 0 - 4 ?
1308,['division'],"[7, 6]",1,What is 7 / 6  (rounded to the nearest integer)?
1309,['division'],"[10, 3]",3,What is 10 / 3  (rounded to the nearest integer)?
1310,['multiplication'],"[1, 10]",10,What is 1 * 10 ?
1311,['multiplication'],"[4, 6]",24,What is 4 * 6 ?
1312,['multiplication'],"[6, 1]",6,What is 6 * 1 ?
1313,['multiplication'],"[8, 6]",48,What is 8 * 6 ?
1314,['addition'],"[10, 14]",24,What is 10 + 14 ?
1315,['subtraction'],"[8, 9]",-1,What is 8 - 9 ?
1316,['subtraction'],"[11, 4]",7,What is 11 - 4 ?
1317,['subtraction'],"[4, 11]",-7,What is 4 - 11 ?
1318,['division'],"[6, 3]",2,What is 6 / 3  (rounded to the nearest integer)?
1319,['addition'],"[15, 2]",17,What is 15 + 2 ?
1320,['addition'],"[15, 6]",21,What is 15 + 6 ?
1321,['addition'],"[14, 2]",16,What is 14 + 2 ?
1322,['division'],"[10, 2]",5,What is 10 / 2  (rounded to the nearest integer)?
1323,['subtraction'],"[15, 10]",5,What is 15 - 10 ?
1324,['multiplication'],"[6, 10]",60,What is 6 * 10 ?
1325,['addition'],"[2, 14]",16,What is 2 + 14 ?
1326,['subtraction'],"[6, 2]",4,What is 6 - 2 ?
1327,['multiplication'],"[5, 7]",35,What is 5 * 7 ?
1328,['subtraction'],"[8, 9]",-1,What is 8 - 9 ?
1329,['multiplication'],"[9, 3]",27,What is 9 * 3 ?
1330,['division'],"[7, 7]",1,What is 7 / 7  (rounded to the nearest integer)?
1331,['multiplication'],"[5, 5]",25,What is 5 * 5 ?
1332,['subtraction'],"[13, 11]",2,What is 13 - 11 ?
1333,['addition'],"[13, 11]",24,What is 13 + 11 ?
1334,['addition'],"[5, 9]",14,What is 5 + 9 ?
1335,['multiplication'],"[6, 5]",30,What is 6 * 5 ?
1336,['division'],"[10, 4]",2,What is 10 / 4  (rounded to the nearest integer)?
1337,['division'],"[8, 4]",2,What is 8 / 4  (rounded to the nearest integer)?
1338,['division'],"[10, 9]",1,What is 10 / 9  (rounded to the nearest integer)?
1339,['division'],"[2, 1]",2,What is 2 / 1  (rounded to the nearest integer)?
1340,['addition'],"[8, 2]",10,What is 8 + 2 ?
1341,['multiplication'],"[9, 1]",9,What is 9 * 1 ?
1342,['multiplication'],"[5, 1]",5,What is 5 * 1 ?
1343,['multiplication'],"[2, 3]",6,What is 2 * 3 ?
1344,['division'],"[8, 4]",2,What is 8 / 4  (rounded to the nearest integer)?
1345,['multiplication'],"[8, 1]",8,What is 8 * 1 ?
1346,['addition'],"[5, 8]",13,What is 5 + 8 ?
1347,['addition'],"[4, 11]",15,What is 4 + 11 ?
1348,['division'],"[7, 1]",7,What is 7 / 1  (rounded to the nearest integer)?
1349,['multiplication'],"[5, 6]",30,What is 5 * 6 ?
1350,['subtraction'],"[8, 12]",-4,What is 8 - 12 ?
1351,['addition'],"[9, 10]",19,What is 9 + 10 ?
1352,['addition'],"[6, 7]",13,What is 6 + 7 ?
1353,['addition'],"[10, 14]",24,What is 10 + 14 ?
1354,['division'],"[5, 2]",2,What is 5 / 2  (rounded to the nearest integer)?
1355,['division'],"[9, 8]",1,What is 9 / 8  (rounded to the nearest integer)?
1356,['addition'],"[4, 6]",10,What is 4 + 6 ?
1357,['division'],"[6, 1]",6,What is 6 / 1  (rounded to the nearest integer)?
1358,['multiplication'],"[5, 7]",35,What is 5 * 7 ?
1359,['division'],"[9, 8]",1,What is 9 / 8  (rounded to the nearest integer)?
1360,['subtraction'],"[2, 2]",0,What is 2 - 2 ?
1361,['division'],"[6, 4]",2,What is 6 / 4  (rounded to the nearest integer)?
1362,['addition'],"[13, 12]",25,What is 13 + 12 ?
1363,['subtraction'],"[13, 6]",7,What is 13 - 6 ?
1364,['division'],"[5, 3]",2,What is 5 / 3  (rounded to the nearest integer)?
1365,['addition'],"[5, 7]",12,What is 5 + 7 ?
1366,['addition'],"[2, 11]",13,What is 2 + 11 ?
1367,['division'],"[3, 1]",3,What is 3 / 1  (rounded to the nearest integer)?
1368,['multiplication'],"[6, 6]",36,What is 6 * 6 ?
1369,['subtraction'],"[12, 13]",-1,What is 12 - 13 ?
1370,['addition'],"[10, 4]",14,What is 10 + 4 ?
1371,['addition'],"[13, 6]",19,What is 13 + 6 ?
1372,['subtraction'],"[7, 13]",-6,What is 7 - 13 ?
1373,['addition'],"[9, 1]",10,What is 9 + 1 ?
1374,['subtraction'],"[1, 7]",-6,What is 1 - 7 ?
1375,['multiplication'],"[2, 4]",8,What is 2 * 4 ?
1376,['subtraction'],"[12, 14]",-2,What is 12 - 14 ?
1377,['subtraction'],"[9, 0]",9,What is 9 - 0 ?
1378,['addition'],"[7, 8]",15,What is 7 + 8 ?
1379,['multiplication'],"[5, 10]",50,What is 5 * 10 ?
1380,['division'],"[9, 4]",2,What is 9 / 4  (rounded to the nearest integer)?
1381,['division'],"[6, 3]",2,What is 6 / 3  (rounded to the nearest integer)?
1382,['subtraction'],"[12, 6]",6,What is 12 - 6 ?
1383,['subtraction'],"[3, 4]",-1,What is 3 - 4 ?
1384,['division'],"[8, 4]",2,What is 8 / 4  (rounded to the nearest integer)?
1385,['division'],"[10, 6]",2,What is 10 / 6  (rounded to the nearest integer)?
1386,['subtraction'],"[14, 13]",1,What is 14 - 13 ?
1387,['addition'],"[2, 4]",6,What is 2 + 4 ?
1388,['multiplication'],"[8, 7]",56,What is 8 * 7 ?
1389,['division'],"[10, 3]",3,What is 10 / 3  (rounded to the nearest integer)?
1390,['addition'],"[10, 1]",11,What is 10 + 1 ?
1391,['division'],"[10, 6]",2,What is 10 / 6  (rounded to the nearest integer)?
1392,['subtraction'],"[11, 11]",0,What is 11 - 11 ?
1393,['division'],"[10, 9]",1,What is 10 / 9  (rounded to the nearest integer)?
1394,['addition'],"[10, 12]",22,What is 10 + 12 ?
1395,['subtraction'],"[10, 0]",10,What is 10 - 0 ?
1396,['multiplication'],"[5, 10]",50,What is 5 * 10 ?
1397,['subtraction'],"[3, 2]",1,What is 3 - 2 ?
1398,['addition'],"[4, 3]",7,What is 4 + 3 ?
1399,['addition'],"[9, 10]",19,What is 9 + 10 ?
1400,['subtraction'],"[9, 13]",-4,What is 9 - 13 ?
1401,['multiplication'],"[8, 4]",32,What is 8 * 4 ?
1402,['subtraction'],"[1, 8]",-7,What is 1 - 8 ?
1403,['multiplication'],"[4, 5]",20,What is 4 * 5 ?
1404,['subtraction'],"[10, 1]",9,What is 10 - 1 ?
1405,['addition'],"[3, 4]",7,What is 3 + 4 ?
1406,['addition'],"[0, 6]",6,What is 0 + 6 ?
1407,['division'],"[10, 5]",2,What is 10 / 5  (rounded to the nearest integer)?
1408,['subtraction'],"[5, 1]",4,What is 5 - 1 ?
1409,['division'],"[4, 4]",1,What is 4 / 4  (rounded to the nearest integer)?
1410,['addition'],"[1, 5]",6,What is 1 + 5 ?
1411,['division'],"[9, 2]",4,What is 9 / 2  (rounded to the nearest integer)?
1412,['subtraction'],"[7, 3]",4,What is 7 - 3 ?
1413,['multiplication'],"[3, 5]",15,What is 3 * 5 ?
1414,['subtraction'],"[6, 2]",4,What is 6 - 2 ?
1415,['division'],"[3, 1]",3,What is 3 / 1  (rounded to the nearest integer)?
1416,['multiplication'],"[3, 6]",18,What is 3 * 6 ?
1417,['addition'],"[15, 14]",29,What is 15 + 14 ?
1418,['division'],"[9, 5]",2,What is 9 / 5  (rounded to the nearest integer)?
1419,['addition'],"[11, 4]",15,What is 11 + 4 ?
1420,['division'],"[4, 4]",1,What is 4 / 4  (rounded to the nearest integer)?
1421,['subtraction'],"[12, 8]",4,What is 12 - 8 ?
1422,['division'],"[9, 2]",4,What is 9 / 2  (rounded to the nearest integer)?
1423,['multiplication'],"[1, 1]",1,What is 1 * 1 ?
1424,['division'],"[7, 2]",4,What is 7 / 2  (rounded to the nearest integer)?
1425,['division'],"[8, 4]",2,What is 8 / 4  (rounded to the nearest integer)?
1426,['addition'],"[0, 5]",5,What is 0 + 5 ?
1427,['addition'],"[13, 8]",21,What is 13 + 8 ?
1428,['addition'],"[10, 0]",10,What is 10 + 0 ?
1429,['subtraction'],"[3, 12]",-9,What is 3 - 12 ?
1430,['subtraction'],"[6, 4]",2,What is 6 - 4 ?
1431,['multiplication'],"[8, 2]",16,What is 8 * 2 ?
1432,['addition'],"[13, 3]",16,What is 13 + 3 ?
1433,['subtraction'],"[4, 11]",-7,What is 4 - 11 ?
1434,['subtraction'],"[0, 12]",-12,What is 0 - 12 ?
1435,['subtraction'],"[13, 0]",13,What is 13 - 0 ?
1436,['subtraction'],"[7, 6]",1,What is 7 - 6 ?
1437,['division'],"[10, 8]",1,What is 10 / 8  (rounded to the nearest integer)?
1438,['subtraction'],"[9, 3]",6,What is 9 - 3 ?
1439,['division'],"[6, 1]",6,What is 6 / 1  (rounded to the nearest integer)?
1440,['addition'],"[7, 8]",15,What is 7 + 8 ?
1441,['addition'],"[13, 10]",23,What is 13 + 10 ?
1442,['multiplication'],"[6, 9]",54,What is 6 * 9 ?
1443,['division'],"[10, 6]",2,What is 10 / 6  (rounded to the nearest integer)?
1444,['addition'],"[7, 1]",8,What is 7 + 1 ?
1445,['subtraction'],"[9, 10]",-1,What is 9 - 10 ?
1446,['multiplication'],"[4, 1]",4,What is 4 * 1 ?
1447,['subtraction'],"[3, 5]",-2,What is 3 - 5 ?
1448,['multiplication'],"[3, 1]",3,What is 3 * 1 ?
1449,['subtraction'],"[6, 1]",5,What is 6 - 1 ?
1450,['addition'],"[7, 7]",14,What is 7 + 7 ?
1451,['addition'],"[2, 0]",2,What is 2 + 0 ?
1452,['multiplication'],"[10, 3]",30,What is 10 * 3 ?
1453,['subtraction'],"[3, 13]",-10,What is 3 - 13 ?
1454,['division'],"[9, 7]",1,What is 9 / 7  (rounded to the nearest integer)?
1455,['division'],"[5, 1]",5,What is 5 / 1  (rounded to the nearest integer)?
1456,['division'],"[3, 3]",1,What is 3 / 3  (rounded to the nearest integer)?
1457,['addition'],"[1, 13]",14,What is 1 + 13 ?
1458,['subtraction'],"[11, 8]",3,What is 11 - 8 ?
1459,['addition'],"[3, 1]",4,What is 3 + 1 ?
1460,['subtraction'],"[4, 1]",3,What is 4 - 1 ?
1461,['subtraction'],"[8, 1]",7,What is 8 - 1 ?
1462,['multiplication'],"[7, 7]",49,What is 7 * 7 ?
1463,['division'],"[4, 3]",1,What is 4 / 3  (rounded to the nearest integer)?
1464,['division'],"[8, 5]",2,What is 8 / 5  (rounded to the nearest integer)?
1465,['multiplication'],"[9, 2]",18,What is 9 * 2 ?
1466,['addition'],"[14, 14]",28,What is 14 + 14 ?
1467,['multiplication'],"[7, 7]",49,What is 7 * 7 ?
1468,['multiplication'],"[7, 10]",70,What is 7 * 10 ?
1469,['addition'],"[4, 15]",19,What is 4 + 15 ?
1470,['subtraction'],"[11, 13]",-2,What is 11 - 13 ?
1471,['subtraction'],"[7, 5]",2,What is 7 - 5 ?
1472,['multiplication'],"[10, 8]",80,What is 10 * 8 ?
1473,['subtraction'],"[12, 3]",9,What is 12 - 3 ?
1474,['addition'],"[14, 12]",26,What is 14 + 12 ?
1475,['subtraction'],"[14, 11]",3,What is 14 - 11 ?
1476,['subtraction'],"[9, 2]",7,What is 9 - 2 ?
1477,['subtraction'],"[13, 4]",9,What is 13 - 4 ?
1478,['subtraction'],"[0, 5]",-5,What is 0 - 5 ?
1479,['division'],"[7, 6]",1,What is 7 / 6  (rounded to the nearest integer)?
1480,['addition'],"[14, 6]",20,What is 14 + 6 ?
1481,['addition'],"[1, 10]",11,What is 1 + 10 ?
1482,['addition'],"[15, 9]",24,What is 15 + 9 ?
1483,['addition'],"[4, 2]",6,What is 4 + 2 ?
1484,['addition'],"[3, 0]",3,What is 3 + 0 ?
1485,['multiplication'],"[9, 3]",27,What is 9 * 3 ?
1486,['subtraction'],"[9, 4]",5,What is 9 - 4 ?
1487,['division'],"[6, 4]",2,What is 6 / 4  (rounded to the nearest integer)?
1488,['subtraction'],"[8, 7]",1,What is 8 - 7 ?
1489,['addition'],"[9, 13]",22,What is 9 + 13 ?
1490,['multiplication'],"[7, 4]",28,What is 7 * 4 ?
1491,['addition'],"[2, 11]",13,What is 2 + 11 ?
1492,['division'],"[10, 1]",10,What is 10 / 1  (rounded to the nearest integer)?
1493,['multiplication'],"[9, 1]",9,What is 9 * 1 ?
1494,['subtraction'],"[13, 9]",4,What is 13 - 9 ?
1495,['addition'],"[11, 13]",24,What is 11 + 13 ?
1496,['addition'],"[14, 12]",26,What is 14 + 12 ?
1497,['multiplication'],"[6, 6]",36,What is 6 * 6 ?
1498,['division'],"[8, 2]",4,What is 8 / 2  (rounded to the nearest integer)?
1499,['division'],"[7, 1]",7,What is 7 / 1  (rounded to the nearest integer)?
1500,['multiplication'],"[6, 9]",54,What is 6 * 9 ?
1501,['subtraction'],"[1, 8]",-7,What is 1 - 8 ?
1502,['addition'],"[3, 8]",11,What is 3 + 8 ?
1503,['subtraction'],"[12, 12]",0,What is 12 - 12 ?
1504,['multiplication'],"[5, 9]",45,What is 5 * 9 ?
1505,['addition'],"[13, 7]",20,What is 13 + 7 ?
1506,['division'],"[10, 9]",1,What is 10 / 9  (rounded to the nearest integer)?
1507,['addition'],"[4, 0]",4,What is 4 + 0 ?
1508,['addition'],"[15, 3]",18,What is 15 + 3 ?
1509,['multiplication'],"[10, 7]",70,What is 10 * 7 ?
1510,['subtraction'],"[1, 8]",-7,What is 1 - 8 ?
1511,['multiplication'],"[3, 3]",9,What is 3 * 3 ?
1512,['multiplication'],"[4, 1]",4,What is 4 * 1 ?
1513,['division'],"[5, 4]",1,What is 5 / 4  (rounded to the nearest integer)?
1514,['multiplication'],"[8, 8]",64,What is 8 * 8 ?
1515,['subtraction'],"[12, 12]",0,What is 12 - 12 ?
1516,['division'],"[6, 5]",1,What is 6 / 5  (rounded to the nearest integer)?
1517,['multiplication'],"[9, 3]",27,What is 9 * 3 ?
1518,['multiplication'],"[4, 9]",36,What is 4 * 9 ?
1519,['division'],"[3, 3]",1,What is 3 / 3  (rounded to the nearest integer)?
1520,['division'],"[2, 2]",1,What is 2 / 2  (rounded to the nearest integer)?
1521,['addition'],"[10, 8]",18,What is 10 + 8 ?
1522,['subtraction'],"[11, 15]",-4,What is 11 - 15 ?
1523,['addition'],"[7, 2]",9,What is 7 + 2 ?
1524,['addition'],"[0, 9]",9,What is 0 + 9 ?
1525,['division'],"[10, 9]",1,What is 10 / 9  (rounded to the nearest integer)?
1526,['subtraction'],"[10, 0]",10,What is 10 - 0 ?
1527,['multiplication'],"[3, 10]",30,What is 3 * 10 ?
1528,['division'],"[8, 5]",2,What is 8 / 5  (rounded to the nearest integer)?
1529,['subtraction'],"[1, 3]",-2,What is 1 - 3 ?
1530,['subtraction'],"[3, 5]",-2,What is 3 - 5 ?
1531,['division'],"[9, 2]",4,What is 9 / 2  (rounded to the nearest integer)?
1532,['multiplication'],"[7, 1]",7,What is 7 * 1 ?
1533,['division'],"[2, 2]",1,What is 2 / 2  (rounded to the nearest integer)?
1534,['subtraction'],"[0, 7]",-7,What is 0 - 7 ?
1535,['addition'],"[2, 12]",14,What is 2 + 12 ?
1536,['addition'],"[13, 7]",20,What is 13 + 7 ?
1537,['multiplication'],"[2, 8]",16,What is 2 * 8 ?
1538,['multiplication'],"[5, 9]",45,What is 5 * 9 ?
1539,['multiplication'],"[9, 6]",54,What is 9 * 6 ?
1540,['addition'],"[10, 9]",19,What is 10 + 9 ?
1541,['multiplication'],"[7, 10]",70,What is 7 * 10 ?
1542,['multiplication'],"[3, 3]",9,What is 3 * 3 ?
1543,['subtraction'],"[7, 5]",2,What is 7 - 5 ?
1544,['subtraction'],"[11, 10]",1,What is 11 - 10 ?
1545,['multiplication'],"[1, 4]",4,What is 1 * 4 ?
1546,['subtraction'],"[2, 7]",-5,What is 2 - 7 ?
1547,['multiplication'],"[1, 10]",10,What is 1 * 10 ?
1548,['addition'],"[14, 3]",17,What is 14 + 3 ?
1549,['subtraction'],"[9, 15]",-6,What is 9 - 15 ?
1550,['subtraction'],"[9, 9]",0,What is 9 - 9 ?
1551,['division'],"[5, 3]",2,What is 5 / 3  (rounded to the nearest integer)?
1552,['division'],"[10, 5]",2,What is 10 / 5  (rounded to the nearest integer)?
1553,['subtraction'],"[2, 4]",-2,What is 2 - 4 ?
1554,['subtraction'],"[14, 13]",1,What is 14 - 13 ?
1555,['subtraction'],"[6, 1]",5,What is 6 - 1 ?
1556,['division'],"[6, 4]",2,What is 6 / 4  (rounded to the nearest integer)?
1557,['subtraction'],"[11, 0]",11,What is 11 - 0 ?
1558,['subtraction'],"[3, 10]",-7,What is 3 - 10 ?
1559,['division'],"[10, 5]",2,What is 10 / 5  (rounded to the nearest integer)?
1560,['subtraction'],"[15, 13]",2,What is 15 - 13 ?
1561,['multiplication'],"[6, 10]",60,What is 6 * 10 ?
1562,['subtraction'],"[12, 13]",-1,What is 12 - 13 ?
1563,['multiplication'],"[8, 7]",56,What is 8 * 7 ?
1564,['addition'],"[0, 12]",12,What is 0 + 12 ?
1565,['addition'],"[2, 7]",9,What is 2 + 7 ?
1566,['division'],"[4, 3]",1,What is 4 / 3  (rounded to the nearest integer)?
1567,['addition'],"[7, 13]",20,What is 7 + 13 ?
1568,['addition'],"[3, 0]",3,What is 3 + 0 ?
1569,['addition'],"[3, 2]",5,What is 3 + 2 ?
1570,['subtraction'],"[10, 0]",10,What is 10 - 0 ?
1571,['multiplication'],"[1, 3]",3,What is 1 * 3 ?
1572,['subtraction'],"[14, 12]",2,What is 14 - 12 ?
1573,['subtraction'],"[1, 6]",-5,What is 1 - 6 ?
1574,['subtraction'],"[0, 3]",-3,What is 0 - 3 ?
1575,['multiplication'],"[3, 5]",15,What is 3 * 5 ?
1576,['subtraction'],"[11, 7]",4,What is 11 - 7 ?
1577,['division'],"[9, 8]",1,What is 9 / 8  (rounded to the nearest integer)?
1578,['division'],"[7, 5]",1,What is 7 / 5  (rounded to the nearest integer)?
1579,['addition'],"[6, 3]",9,What is 6 + 3 ?
1580,['multiplication'],"[1, 1]",1,What is 1 * 1 ?
1581,['multiplication'],"[8, 7]",56,What is 8 * 7 ?
1582,['subtraction'],"[10, 13]",-3,What is 10 - 13 ?
1583,['addition'],"[8, 6]",14,What is 8 + 6 ?
1584,['division'],"[9, 8]",1,What is 9 / 8  (rounded to the nearest integer)?
1585,['multiplication'],"[8, 9]",72,What is 8 * 9 ?
1586,['division'],"[10, 3]",3,What is 10 / 3  (rounded to the nearest integer)?
1587,['addition'],"[7, 0]",7,What is 7 + 0 ?
1588,['addition'],"[12, 11]",23,What is 12 + 11 ?
1589,['addition'],"[9, 13]",22,What is 9 + 13 ?
1590,['multiplication'],"[3, 2]",6,What is 3 * 2 ?
1591,['multiplication'],"[10, 3]",30,What is 10 * 3 ?
1592,['division'],"[10, 3]",3,What is 10 / 3  (rounded to the nearest integer)?
1593,['division'],"[7, 2]",4,What is 7 / 2  (rounded to the nearest integer)?
1594,['addition'],"[0, 7]",7,What is 0 + 7 ?
1595,['subtraction'],"[5, 13]",-8,What is 5 - 13 ?
1596,['addition'],"[3, 6]",9,What is 3 + 6 ?
1597,['division'],"[9, 6]",2,What is 9 / 6  (rounded to the nearest integer)?
1598,['division'],"[7, 6]",1,What is 7 / 6  (rounded to the nearest integer)?
1599,['subtraction'],"[11, 0]",11,What is 11 - 0 ?
1600,['subtraction'],"[2, 5]",-3,What is 2 - 5 ?
1601,['subtraction'],"[15, 2]",13,What is 15 - 2 ?
1602,['addition'],"[12, 12]",24,What is 12 + 12 ?
1603,['multiplication'],"[2, 6]",12,What is 2 * 6 ?
1604,['division'],"[10, 1]",10,What is 10 / 1  (rounded to the nearest integer)?
1605,['multiplication'],"[5, 9]",45,What is 5 * 9 ?
1606,['subtraction'],"[14, 5]",9,What is 14 - 5 ?
1607,['multiplication'],"[9, 10]",90,What is 9 * 10 ?
1608,['multiplication'],"[9, 3]",27,What is 9 * 3 ?
1609,['addition'],"[0, 7]",7,What is 0 + 7 ?
1610,['addition'],"[10, 0]",10,What is 10 + 0 ?
1611,['addition'],"[3, 14]",17,What is 3 + 14 ?
1612,['subtraction'],"[4, 12]",-8,What is 4 - 12 ?
1613,['addition'],"[3, 10]",13,What is 3 + 10 ?
1614,['division'],"[6, 1]",6,What is 6 / 1  (rounded to the nearest integer)?
1615,['multiplication'],"[3, 8]",24,What is 3 * 8 ?
1616,['division'],"[7, 6]",1,What is 7 / 6  (rounded to the nearest integer)?
1617,['multiplication'],"[4, 7]",28,What is 4 * 7 ?
1618,['division'],"[10, 3]",3,What is 10 / 3  (rounded to the nearest integer)?
1619,['division'],"[8, 4]",2,What is 8 / 4  (rounded to the nearest integer)?
1620,['addition'],"[2, 2]",4,What is 2 + 2 ?
1621,['multiplication'],"[8, 3]",24,What is 8 * 3 ?
1622,['addition'],"[1, 1]",2,What is 1 + 1 ?
1623,['multiplication'],"[2, 1]",2,What is 2 * 1 ?
1624,['subtraction'],"[12, 11]",1,What is 12 - 11 ?
1625,['multiplication'],"[8, 3]",24,What is 8 * 3 ?
1626,['multiplication'],"[4, 6]",24,What is 4 * 6 ?
1627,['subtraction'],"[13, 11]",2,What is 13 - 11 ?
1628,['division'],"[10, 5]",2,What is 10 / 5  (rounded to the nearest integer)?
1629,['division'],"[7, 3]",2,What is 7 / 3  (rounded to the nearest integer)?
1630,['multiplication'],"[3, 3]",9,What is 3 * 3 ?
1631,['division'],"[2, 1]",2,What is 2 / 1  (rounded to the nearest integer)?
1632,['subtraction'],"[0, 14]",-14,What is 0 - 14 ?
1633,['multiplication'],"[5, 8]",40,What is 5 * 8 ?
1634,['addition'],"[9, 8]",17,What is 9 + 8 ?
1635,['addition'],"[15, 8]",23,What is 15 + 8 ?
1636,['division'],"[6, 4]",2,What is 6 / 4  (rounded to the nearest integer)?
1637,['division'],"[7, 1]",7,What is 7 / 1  (rounded to the nearest integer)?
1638,['subtraction'],"[4, 8]",-4,What is 4 - 8 ?
1639,['addition'],"[0, 13]",13,What is 0 + 13 ?
1640,['subtraction'],"[4, 8]",-4,What is 4 - 8 ?
1641,['multiplication'],"[2, 4]",8,What is 2 * 4 ?
1642,['addition'],"[7, 12]",19,What is 7 + 12 ?
1643,['addition'],"[5, 6]",11,What is 5 + 6 ?
1644,['subtraction'],"[0, 13]",-13,What is 0 - 13 ?
1645,['multiplication'],"[9, 4]",36,What is 9 * 4 ?
1646,['subtraction'],"[7, 15]",-8,What is 7 - 15 ?
1647,['division'],"[4, 2]",2,What is 4 / 2  (rounded to the nearest integer)?
1648,['subtraction'],"[12, 6]",6,What is 12 - 6 ?
1649,['subtraction'],"[2, 12]",-10,What is 2 - 12 ?
1650,['addition'],"[9, 1]",10,What is 9 + 1 ?
1651,['addition'],"[11, 15]",26,What is 11 + 15 ?
1652,['subtraction'],"[10, 6]",4,What is 10 - 6 ?
1653,['subtraction'],"[10, 13]",-3,What is 10 - 13 ?
1654,['division'],"[8, 3]",3,What is 8 / 3  (rounded to the nearest integer)?
1655,['addition'],"[6, 12]",18,What is 6 + 12 ?
1656,['multiplication'],"[4, 2]",8,What is 4 * 2 ?
1657,['addition'],"[3, 12]",15,What is 3 + 12 ?
1658,['addition'],"[12, 12]",24,What is 12 + 12 ?
1659,['subtraction'],"[1, 4]",-3,What is 1 - 4 ?
1660,['subtraction'],"[10, 0]",10,What is 10 - 0 ?
1661,['division'],"[6, 4]",2,What is 6 / 4  (rounded to the nearest integer)?
1662,['subtraction'],"[4, 5]",-1,What is 4 - 5 ?
1663,['division'],"[8, 3]",3,What is 8 / 3  (rounded to the nearest integer)?
1664,['subtraction'],"[9, 5]",4,What is 9 - 5 ?
1665,['subtraction'],"[1, 8]",-7,What is 1 - 8 ?
1666,['addition'],"[3, 14]",17,What is 3 + 14 ?
1667,['division'],"[10, 6]",2,What is 10 / 6  (rounded to the nearest integer)?
1668,['addition'],"[1, 15]",16,What is 1 + 15 ?
1669,['addition'],"[11, 7]",18,What is 11 + 7 ?
1670,['multiplication'],"[3, 2]",6,What is 3 * 2 ?
1671,['multiplication'],"[8, 2]",16,What is 8 * 2 ?
1672,['addition'],"[15, 6]",21,What is 15 + 6 ?
1673,['multiplication'],"[6, 6]",36,What is 6 * 6 ?
1674,['division'],"[9, 7]",1,What is 9 / 7  (rounded to the nearest integer)?
1675,['addition'],"[9, 10]",19,What is 9 + 10 ?
1676,['division'],"[8, 6]",1,What is 8 / 6  (rounded to the nearest integer)?
1677,['addition'],"[12, 8]",20,What is 12 + 8 ?
1678,['division'],"[8, 3]",3,What is 8 / 3  (rounded to the nearest integer)?
1679,['division'],"[10, 1]",10,What is 10 / 1  (rounded to the nearest integer)?
1680,['subtraction'],"[11, 7]",4,What is 11 - 7 ?
1681,['multiplication'],"[6, 10]",60,What is 6 * 10 ?
1682,['multiplication'],"[6, 8]",48,What is 6 * 8 ?
1683,['multiplication'],"[9, 2]",18,What is 9 * 2 ?
1684,['subtraction'],"[8, 0]",8,What is 8 - 0 ?
1685,['multiplication'],"[10, 3]",30,What is 10 * 3 ?
1686,['division'],"[9, 4]",2,What is 9 / 4  (rounded to the nearest integer)?
1687,['multiplication'],"[9, 9]",81,What is 9 * 9 ?
1688,['subtraction'],"[7, 5]",2,What is 7 - 5 ?
1689,['multiplication'],"[8, 9]",72,What is 8 * 9 ?
1690,['multiplication'],"[8, 10]",80,What is 8 * 10 ?
1691,['multiplication'],"[2, 2]",4,What is 2 * 2 ?
1692,['multiplication'],"[3, 1]",3,What is 3 * 1 ?
1693,['multiplication'],"[5, 5]",25,What is 5 * 5 ?
1694,['subtraction'],"[2, 1]",1,What is 2 - 1 ?
1695,['addition'],"[7, 8]",15,What is 7 + 8 ?
1696,['subtraction'],"[4, 12]",-8,What is 4 - 12 ?
1697,['subtraction'],"[6, 11]",-5,What is 6 - 11 ?
1698,['subtraction'],"[14, 4]",10,What is 14 - 4 ?
1699,['subtraction'],"[0, 4]",-4,What is 0 - 4 ?
1700,['subtraction'],"[1, 7]",-6,What is 1 - 7 ?
1701,['subtraction'],"[1, 8]",-7,What is 1 - 8 ?
1702,['multiplication'],"[5, 5]",25,What is 5 * 5 ?
1703,['multiplication'],"[6, 6]",36,What is 6 * 6 ?
1704,['multiplication'],"[7, 7]",49,What is 7 * 7 ?
1705,['addition'],"[5, 4]",9,What is 5 + 4 ?
1706,['subtraction'],"[2, 5]",-3,What is 2 - 5 ?
1707,['division'],"[8, 7]",1,What is 8 / 7  (rounded to the nearest integer)?
1708,['multiplication'],"[2, 7]",14,What is 2 * 7 ?
1709,['subtraction'],"[5, 1]",4,What is 5 - 1 ?
1710,['addition'],"[3, 7]",10,What is 3 + 7 ?
1711,['addition'],"[1, 5]",6,What is 1 + 5 ?
1712,['subtraction'],"[7, 14]",-7,What is 7 - 14 ?
1713,['multiplication'],"[3, 5]",15,What is 3 * 5 ?
1714,['subtraction'],"[6, 14]",-8,What is 6 - 14 ?
1715,['subtraction'],"[11, 12]",-1,What is 11 - 12 ?
1716,['subtraction'],"[10, 7]",3,What is 10 - 7 ?
1717,['division'],"[4, 2]",2,What is 4 / 2  (rounded to the nearest integer)?
1718,['division'],"[9, 8]",1,What is 9 / 8  (rounded to the nearest integer)?
1719,['addition'],"[10, 4]",14,What is 10 + 4 ?
1720,['subtraction'],"[3, 2]",1,What is 3 - 2 ?
1721,['multiplication'],"[4, 5]",20,What is 4 * 5 ?
1722,['addition'],"[9, 15]",24,What is 9 + 15 ?
1723,['addition'],"[14, 11]",25,What is 14 + 11 ?
1724,['multiplication'],"[7, 5]",35,What is 7 * 5 ?
1725,['subtraction'],"[14, 5]",9,What is 14 - 5 ?
1726,['addition'],"[11, 4]",15,What is 11 + 4 ?
1727,['division'],"[9, 2]",4,What is 9 / 2  (rounded to the nearest integer)?
1728,['multiplication'],"[3, 8]",24,What is 3 * 8 ?
1729,['addition'],"[11, 7]",18,What is 11 + 7 ?
1730,['addition'],"[14, 3]",17,What is 14 + 3 ?
1731,['subtraction'],"[15, 8]",7,What is 15 - 8 ?
1732,['multiplication'],"[2, 2]",4,What is 2 * 2 ?
1733,['subtraction'],"[7, 3]",4,What is 7 - 3 ?
1734,['subtraction'],"[4, 0]",4,What is 4 - 0 ?
1735,['subtraction'],"[12, 1]",11,What is 12 - 1 ?
1736,['division'],"[6, 1]",6,What is 6 / 1  (rounded to the nearest integer)?
1737,['multiplication'],"[7, 5]",35,What is 7 * 5 ?
1738,['subtraction'],"[13, 0]",13,What is 13 - 0 ?
1739,['subtraction'],"[1, 10]",-9,What is 1 - 10 ?
1740,['multiplication'],"[1, 10]",10,What is 1 * 10 ?
1741,['subtraction'],"[10, 2]",8,What is 10 - 2 ?
1742,['division'],"[6, 3]",2,What is 6 / 3  (rounded to the nearest integer)?
1743,['subtraction'],"[14, 10]",4,What is 14 - 10 ?
1744,['division'],"[10, 9]",1,What is 10 / 9  (rounded to the nearest integer)?
1745,['addition'],"[13, 11]",24,What is 13 + 11 ?
1746,['multiplication'],"[5, 1]",5,What is 5 * 1 ?
1747,['division'],"[9, 5]",2,What is 9 / 5  (rounded to the nearest integer)?
1748,['multiplication'],"[7, 4]",28,What is 7 * 4 ?
1749,['multiplication'],"[8, 2]",16,What is 8 * 2 ?
1750,['division'],"[6, 6]",1,What is 6 / 6  (rounded to the nearest integer)?
1751,['division'],"[8, 3]",3,What is 8 / 3  (rounded to the nearest integer)?
1752,['multiplication'],"[2, 4]",8,What is 2 * 4 ?
1753,['division'],"[8, 3]",3,What is 8 / 3  (rounded to the nearest integer)?
1754,['division'],"[10, 9]",1,What is 10 / 9  (rounded to the nearest integer)?
1755,['division'],"[3, 2]",2,What is 3 / 2  (rounded to the nearest integer)?
1756,['multiplication'],"[4, 10]",40,What is 4 * 10 ?
1757,['division'],"[9, 6]",2,What is 9 / 6  (rounded to the nearest integer)?
1758,['multiplication'],"[6, 1]",6,What is 6 * 1 ?
1759,['subtraction'],"[3, 2]",1,What is 3 - 2 ?
1760,['multiplication'],"[9, 2]",18,What is 9 * 2 ?
1761,['subtraction'],"[1, 12]",-11,What is 1 - 12 ?
1762,['multiplication'],"[4, 6]",24,What is 4 * 6 ?
1763,['multiplication'],"[8, 7]",56,What is 8 * 7 ?
1764,['addition'],"[6, 4]",10,What is 6 + 4 ?
1765,['addition'],"[6, 15]",21,What is 6 + 15 ?
1766,['division'],"[10, 3]",3,What is 10 / 3  (rounded to the nearest integer)?
1767,['addition'],"[1, 5]",6,What is 1 + 5 ?
1768,['multiplication'],"[8, 2]",16,What is 8 * 2 ?
1769,['multiplication'],"[1, 4]",4,What is 1 * 4 ?
1770,['multiplication'],"[10, 4]",40,What is 10 * 4 ?
1771,['division'],"[9, 2]",4,What is 9 / 2  (rounded to the nearest integer)?
1772,['division'],"[5, 5]",1,What is 5 / 5  (rounded to the nearest integer)?
1773,['addition'],"[8, 3]",11,What is 8 + 3 ?
1774,['addition'],"[15, 8]",23,What is 15 + 8 ?
1775,['division'],"[9, 7]",1,What is 9 / 7  (rounded to the nearest integer)?
1776,['subtraction'],"[10, 11]",-1,What is 10 - 11 ?
1777,['addition'],"[13, 1]",14,What is 13 + 1 ?
1778,['subtraction'],"[3, 4]",-1,What is 3 - 4 ?
1779,['multiplication'],"[9, 5]",45,What is 9 * 5 ?
1780,['multiplication'],"[1, 7]",7,What is 1 * 7 ?
1781,['multiplication'],"[8, 3]",24,What is 8 * 3 ?
1782,['addition'],"[15, 14]",29,What is 15 + 14 ?
1783,['subtraction'],"[7, 2]",5,What is 7 - 2 ?
1784,['multiplication'],"[7, 7]",49,What is 7 * 7 ?
1785,['division'],"[5, 4]",1,What is 5 / 4  (rounded to the nearest integer)?
1786,['multiplication'],"[2, 9]",18,What is 2 * 9 ?
1787,['multiplication'],"[9, 10]",90,What is 9 * 10 ?
1788,['addition'],"[13, 11]",24,What is 13 + 11 ?
1789,['division'],"[5, 2]",2,What is 5 / 2  (rounded to the nearest integer)?
1790,['multiplication'],"[3, 5]",15,What is 3 * 5 ?
1791,['subtraction'],"[13, 7]",6,What is 13 - 7 ?
1792,['subtraction'],"[9, 15]",-6,What is 9 - 15 ?
1793,['multiplication'],"[7, 2]",14,What is 7 * 2 ?
1794,['multiplication'],"[3, 8]",24,What is 3 * 8 ?
1795,['addition'],"[8, 13]",21,What is 8 + 13 ?
1796,['addition'],"[10, 12]",22,What is 10 + 12 ?
1797,['division'],"[10, 9]",1,What is 10 / 9  (rounded to the nearest integer)?
1798,['multiplication'],"[4, 6]",24,What is 4 * 6 ?
1799,['subtraction'],"[9, 10]",-1,What is 9 - 10 ?
1800,['addition'],"[15, 5]",20,What is 15 + 5 ?
1801,['subtraction'],"[15, 8]",7,What is 15 - 8 ?
1802,['subtraction'],"[8, 11]",-3,What is 8 - 11 ?
1803,['subtraction'],"[13, 10]",3,What is 13 - 10 ?
1804,['addition'],"[7, 10]",17,What is 7 + 10 ?
1805,['addition'],"[1, 13]",14,What is 1 + 13 ?
1806,['division'],"[9, 1]",9,What is 9 / 1  (rounded to the nearest integer)?
1807,['division'],"[3, 1]",3,What is 3 / 1  (rounded to the nearest integer)?
1808,['subtraction'],"[15, 14]",1,What is 15 - 14 ?
1809,['multiplication'],"[7, 10]",70,What is 7 * 10 ?
1810,['addition'],"[8, 10]",18,What is 8 + 10 ?
1811,['subtraction'],"[14, 5]",9,What is 14 - 5 ?
1812,['addition'],"[8, 0]",8,What is 8 + 0 ?
1813,['multiplication'],"[6, 1]",6,What is 6 * 1 ?
1814,['subtraction'],"[1, 9]",-8,What is 1 - 9 ?
1815,['subtraction'],"[12, 7]",5,What is 12 - 7 ?
1816,['division'],"[7, 5]",1,What is 7 / 5  (rounded to the nearest integer)?
1817,['multiplication'],"[3, 1]",3,What is 3 * 1 ?
1818,['addition'],"[14, 3]",17,What is 14 + 3 ?
1819,['division'],"[10, 2]",5,What is 10 / 2  (rounded to the nearest integer)?
1820,['multiplication'],"[5, 3]",15,What is 5 * 3 ?
1821,['division'],"[2, 2]",1,What is 2 / 2  (rounded to the nearest integer)?
1822,['subtraction'],"[15, 12]",3,What is 15 - 12 ?
1823,['division'],"[10, 6]",2,What is 10 / 6  (rounded to the nearest integer)?
1824,['subtraction'],"[0, 11]",-11,What is 0 - 11 ?
1825,['multiplication'],"[10, 1]",10,What is 10 * 1 ?
1826,['division'],"[10, 5]",2,What is 10 / 5  (rounded to the nearest integer)?
1827,['multiplication'],"[6, 8]",48,What is 6 * 8 ?
1828,['subtraction'],"[2, 15]",-13,What is 2 - 15 ?
1829,['subtraction'],"[15, 12]",3,What is 15 - 12 ?
1830,['division'],"[2, 1]",2,What is 2 / 1  (rounded to the nearest integer)?
1831,['addition'],"[3, 13]",16,What is 3 + 13 ?
1832,['multiplication'],"[3, 1]",3,What is 3 * 1 ?
1833,['addition'],"[7, 14]",21,What is 7 + 14 ?
1834,['division'],"[6, 1]",6,What is 6 / 1  (rounded to the nearest integer)?
1835,['addition'],"[12, 3]",15,What is 12 + 3 ?
1836,['addition'],"[15, 1]",16,What is 15 + 1 ?
1837,['multiplication'],"[2, 1]",2,What is 2 * 1 ?
1838,['subtraction'],"[5, 14]",-9,What is 5 - 14 ?
1839,['subtraction'],"[15, 1]",14,What is 15 - 1 ?
1840,['division'],"[7, 2]",4,What is 7 / 2  (rounded to the nearest integer)?
1841,['addition'],"[5, 5]",10,What is 5 + 5 ?
1842,['division'],"[10, 8]",1,What is 10 / 8  (rounded to the nearest integer)?
1843,['division'],"[9, 6]",2,What is 9 / 6  (rounded to the nearest integer)?
1844,['division'],"[9, 7]",1,What is 9 / 7  (rounded to the nearest integer)?
1845,['addition'],"[8, 14]",22,What is 8 + 14 ?
1846,['subtraction'],"[14, 13]",1,What is 14 - 13 ?
1847,['addition'],"[12, 1]",13,What is 12 + 1 ?
1848,['subtraction'],"[0, 4]",-4,What is 0 - 4 ?
1849,['division'],"[9, 3]",3,What is 9 / 3  (rounded to the nearest integer)?
1850,['addition'],"[3, 9]",12,What is 3 + 9 ?
1851,['addition'],"[14, 10]",24,What is 14 + 10 ?
1852,['addition'],"[7, 5]",12,What is 7 + 5 ?
1853,['subtraction'],"[7, 2]",5,What is 7 - 2 ?
1854,['addition'],"[0, 14]",14,What is 0 + 14 ?
1855,['subtraction'],"[13, 14]",-1,What is 13 - 14 ?
1856,['addition'],"[8, 12]",20,What is 8 + 12 ?
1857,['multiplication'],"[6, 6]",36,What is 6 * 6 ?
1858,['division'],"[8, 7]",1,What is 8 / 7  (rounded to the nearest integer)?
1859,['division'],"[6, 5]",1,What is 6 / 5  (rounded to the nearest integer)?
1860,['division'],"[3, 2]",2,What is 3 / 2  (rounded to the nearest integer)?
1861,['addition'],"[15, 15]",30,What is 15 + 15 ?
1862,['division'],"[8, 2]",4,What is 8 / 2  (rounded to the nearest integer)?
1863,['subtraction'],"[4, 3]",1,What is 4 - 3 ?
1864,['division'],"[10, 3]",3,What is 10 / 3  (rounded to the nearest integer)?
1865,['multiplication'],"[7, 1]",7,What is 7 * 1 ?
1866,['multiplication'],"[1, 8]",8,What is 1 * 8 ?
1867,['addition'],"[6, 12]",18,What is 6 + 12 ?
1868,['subtraction'],"[3, 6]",-3,What is 3 - 6 ?
1869,['multiplication'],"[5, 9]",45,What is 5 * 9 ?
1870,['addition'],"[4, 8]",12,What is 4 + 8 ?
1871,['subtraction'],"[3, 7]",-4,What is 3 - 7 ?
1872,['addition'],"[4, 12]",16,What is 4 + 12 ?
1873,['addition'],"[9, 4]",13,What is 9 + 4 ?
1874,['division'],"[9, 7]",1,What is 9 / 7  (rounded to the nearest integer)?
1875,['addition'],"[12, 1]",13,What is 12 + 1 ?
1876,['division'],"[4, 1]",4,What is 4 / 1  (rounded to the nearest integer)?
1877,['multiplication'],"[4, 3]",12,What is 4 * 3 ?
1878,['addition'],"[13, 4]",17,What is 13 + 4 ?
1879,['multiplication'],"[7, 5]",35,What is 7 * 5 ?
1880,['multiplication'],"[4, 9]",36,What is 4 * 9 ?
1881,['addition'],"[8, 14]",22,What is 8 + 14 ?
1882,['multiplication'],"[6, 2]",12,What is 6 * 2 ?
1883,['subtraction'],"[9, 15]",-6,What is 9 - 15 ?
1884,['multiplication'],"[5, 8]",40,What is 5 * 8 ?
1885,['division'],"[7, 6]",1,What is 7 / 6  (rounded to the nearest integer)?
1886,['addition'],"[1, 5]",6,What is 1 + 5 ?
1887,['addition'],"[13, 15]",28,What is 13 + 15 ?
1888,['addition'],"[3, 0]",3,What is 3 + 0 ?
1889,['subtraction'],"[14, 3]",11,What is 14 - 3 ?
1890,['addition'],"[4, 7]",11,What is 4 + 7 ?
1891,['multiplication'],"[10, 9]",90,What is 10 * 9 ?
1892,['division'],"[3, 1]",3,What is 3 / 1  (rounded to the nearest integer)?
1893,['addition'],"[12, 7]",19,What is 12 + 7 ?
1894,['subtraction'],"[3, 12]",-9,What is 3 - 12 ?
1895,['multiplication'],"[8, 10]",80,What is 8 * 10 ?
1896,['multiplication'],"[9, 5]",45,What is 9 * 5 ?
1897,['multiplication'],"[6, 2]",12,What is 6 * 2 ?
1898,['addition'],"[2, 2]",4,What is 2 + 2 ?
1899,['division'],"[5, 3]",2,What is 5 / 3  (rounded to the nearest integer)?
1900,['addition'],"[11, 1]",12,What is 11 + 1 ?
1901,['subtraction'],"[11, 13]",-2,What is 11 - 13 ?
1902,['subtraction'],"[1, 0]",1,What is 1 - 0 ?
1903,['addition'],"[3, 3]",6,What is 3 + 3 ?
1904,['subtraction'],"[2, 7]",-5,What is 2 - 7 ?
1905,['multiplication'],"[2, 1]",2,What is 2 * 1 ?
1906,['subtraction'],"[12, 13]",-1,What is 12 - 13 ?
1907,['subtraction'],"[15, 2]",13,What is 15 - 2 ?
1908,['subtraction'],"[4, 7]",-3,What is 4 - 7 ?
1909,['multiplication'],"[6, 9]",54,What is 6 * 9 ?
1910,['multiplication'],"[2, 3]",6,What is 2 * 3 ?
1911,['multiplication'],"[6, 9]",54,What is 6 * 9 ?
1912,['addition'],"[2, 12]",14,What is 2 + 12 ?
1913,['multiplication'],"[4, 9]",36,What is 4 * 9 ?
1914,['division'],"[6, 1]",6,What is 6 / 1  (rounded to the nearest integer)?
1915,['addition'],"[2, 13]",15,What is 2 + 13 ?
1916,['subtraction'],"[13, 14]",-1,What is 13 - 14 ?
1917,['division'],"[9, 8]",1,What is 9 / 8  (rounded to the nearest integer)?
1918,['subtraction'],"[4, 14]",-10,What is 4 - 14 ?
1919,['subtraction'],"[1, 5]",-4,What is 1 - 5 ?
1920,['addition'],"[6, 3]",9,What is 6 + 3 ?
1921,['addition'],"[11, 6]",17,What is 11 + 6 ?
1922,['subtraction'],"[14, 7]",7,What is 14 - 7 ?
1923,['multiplication'],"[9, 10]",90,What is 9 * 10 ?
1924,['addition'],"[9, 10]",19,What is 9 + 10 ?
1925,['addition'],"[13, 5]",18,What is 13 + 5 ?
1926,['subtraction'],"[15, 15]",0,What is 15 - 15 ?
1927,['multiplication'],"[8, 2]",16,What is 8 * 2 ?
1928,['addition'],"[8, 14]",22,What is 8 + 14 ?
1929,['subtraction'],"[5, 7]",-2,What is 5 - 7 ?
1930,['division'],"[5, 2]",2,What is 5 / 2  (rounded to the nearest integer)?
1931,['multiplication'],"[7, 2]",14,What is 7 * 2 ?
1932,['subtraction'],"[8, 11]",-3,What is 8 - 11 ?
1933,['subtraction'],"[14, 15]",-1,What is 14 - 15 ?
1934,['division'],"[5, 4]",1,What is 5 / 4  (rounded to the nearest integer)?
1935,['multiplication'],"[2, 9]",18,What is 2 * 9 ?
1936,['division'],"[9, 8]",1,What is 9 / 8  (rounded to the nearest integer)?
1937,['subtraction'],"[4, 11]",-7,What is 4 - 11 ?
1938,['division'],"[5, 3]",2,What is 5 / 3  (rounded to the nearest integer)?
1939,['subtraction'],"[6, 2]",4,What is 6 - 2 ?
1940,['division'],"[5, 2]",2,What is 5 / 2  (rounded to the nearest integer)?
1941,['subtraction'],"[14, 6]",8,What is 14 - 6 ?
1942,['addition'],"[8, 10]",18,What is 8 + 10 ?
1943,['multiplication'],"[2, 9]",18,What is 2 * 9 ?
1944,['subtraction'],"[2, 4]",-2,What is 2 - 4 ?
1945,['multiplication'],"[3, 6]",18,What is 3 * 6 ?
1946,['division'],"[2, 1]",2,What is 2 / 1  (rounded to the nearest integer)?
1947,['addition'],"[8, 12]",20,What is 8 + 12 ?
1948,['multiplication'],"[1, 8]",8,What is 1 * 8 ?
1949,['subtraction'],"[11, 5]",6,What is 11 - 5 ?
1950,['division'],"[9, 5]",2,What is 9 / 5  (rounded to the nearest integer)?
1951,['addition'],"[0, 3]",3,What is 0 + 3 ?
1952,['addition'],"[1, 10]",11,What is 1 + 10 ?
1953,['multiplication'],"[10, 5]",50,What is 10 * 5 ?
1954,['subtraction'],"[0, 1]",-1,What is 0 - 1 ?
1955,['multiplication'],"[8, 10]",80,What is 8 * 10 ?
1956,['division'],"[8, 5]",2,What is 8 / 5  (rounded to the nearest integer)?
1957,['division'],"[9, 6]",2,What is 9 / 6  (rounded to the nearest integer)?
1958,['division'],"[9, 5]",2,What is 9 / 5  (rounded to the nearest integer)?
1959,['addition'],"[4, 4]",8,What is 4 + 4 ?
1960,['addition'],"[15, 13]",28,What is 15 + 13 ?
1961,['addition'],"[10, 13]",23,What is 10 + 13 ?
1962,['addition'],"[14, 7]",21,What is 14 + 7 ?
1963,['division'],"[3, 3]",1,What is 3 / 3  (rounded to the nearest integer)?
1964,['division'],"[10, 2]",5,What is 10 / 2  (rounded to the nearest integer)?
1965,['subtraction'],"[13, 7]",6,What is 13 - 7 ?
1966,['division'],"[7, 6]",1,What is 7 / 6  (rounded to the nearest integer)?
1967,['multiplication'],"[9, 1]",9,What is 9 * 1 ?
1968,['multiplication'],"[9, 5]",45,What is 9 * 5 ?
1969,['addition'],"[6, 2]",8,What is 6 + 2 ?
1970,['subtraction'],"[9, 3]",6,What is 9 - 3 ?
1971,['addition'],"[15, 1]",16,What is 15 + 1 ?
1972,['division'],"[10, 5]",2,What is 10 / 5  (rounded to the nearest integer)?
1973,['division'],"[7, 2]",4,What is 7 / 2  (rounded to the nearest integer)?
1974,['multiplication'],"[2, 5]",10,What is 2 * 5 ?
1975,['multiplication'],"[2, 8]",16,What is 2 * 8 ?
1976,['addition'],"[0, 6]",6,What is 0 + 6 ?
1977,['multiplication'],"[10, 5]",50,What is 10 * 5 ?
1978,['multiplication'],"[6, 7]",42,What is 6 * 7 ?
1979,['subtraction'],"[1, 2]",-1,What is 1 - 2 ?
1980,['multiplication'],"[1, 4]",4,What is 1 * 4 ?
1981,['multiplication'],"[9, 6]",54,What is 9 * 6 ?
1982,['addition'],"[15, 7]",22,What is 15 + 7 ?
1983,['division'],"[9, 7]",1,What is 9 / 7  (rounded to the nearest integer)?
1984,['division'],"[4, 4]",1,What is 4 / 4  (rounded to the nearest integer)?
1985,['addition'],"[0, 15]",15,What is 0 + 15 ?
1986,['multiplication'],"[9, 6]",54,What is 9 * 6 ?
1987,['addition'],"[14, 14]",28,What is 14 + 14 ?
1988,['multiplication'],"[9, 3]",27,What is 9 * 3 ?
1989,['addition'],"[2, 10]",12,What is 2 + 10 ?
1990,['division'],"[6, 4]",2,What is 6 / 4  (rounded to the nearest integer)?
1991,['subtraction'],"[12, 0]",12,What is 12 - 0 ?
1992,['addition'],"[6, 13]",19,What is 6 + 13 ?
1993,['division'],"[9, 5]",2,What is 9 / 5  (rounded to the nearest integer)?
1994,['subtraction'],"[14, 2]",12,What is 14 - 2 ?
1995,['multiplication'],"[4, 5]",20,What is 4 * 5 ?
1996,['division'],"[9, 3]",3,What is 9 / 3  (rounded to the nearest integer)?
1997,['subtraction'],"[13, 12]",1,What is 13 - 12 ?
1998,['multiplication'],"[3, 7]",21,What is 3 * 7 ?
1999,['division'],"[3, 2]",2,What is 3 / 2  (rounded to the nearest integer)?
2000,['subtraction'],"[6, 0]",6,What is 6 - 0 ?
2001,['division'],"[10, 5]",2,What is 10 / 5  (rounded to the nearest integer)?
2002,['subtraction'],"[5, 14]",-9,What is 5 - 14 ?
2003,['division'],"[5, 1]",5,What is 5 / 1  (rounded to the nearest integer)?
2004,['division'],"[7, 7]",1,What is 7 / 7  (rounded to the nearest integer)?
2005,['subtraction'],"[15, 9]",6,What is 15 - 9 ?
2006,['addition'],"[15, 3]",18,What is 15 + 3 ?
2007,['multiplication'],"[1, 3]",3,What is 1 * 3 ?
2008,['subtraction'],"[14, 4]",10,What is 14 - 4 ?
2009,['multiplication'],"[10, 3]",30,What is 10 * 3 ?
2010,['multiplication'],"[7, 4]",28,What is 7 * 4 ?
2011,['subtraction'],"[9, 5]",4,What is 9 - 5 ?
2012,['division'],"[7, 2]",4,What is 7 / 2  (rounded to the nearest integer)?
2013,['addition'],"[4, 10]",14,What is 4 + 10 ?
2014,['multiplication'],"[3, 4]",12,What is 3 * 4 ?
2015,['addition'],"[15, 7]",22,What is 15 + 7 ?
2016,['addition'],"[2, 9]",11,What is 2 + 9 ?
2017,['multiplication'],"[4, 3]",12,What is 4 * 3 ?
2018,['addition'],"[6, 5]",11,What is 6 + 5 ?
2019,['addition'],"[5, 2]",7,What is 5 + 2 ?
2020,['multiplication'],"[1, 3]",3,What is 1 * 3 ?
2021,['subtraction'],"[3, 14]",-11,What is 3 - 14 ?
2022,['subtraction'],"[11, 6]",5,What is 11 - 6 ?
2023,['multiplication'],"[2, 5]",10,What is 2 * 5 ?
2024,['division'],"[9, 1]",9,What is 9 / 1  (rounded to the nearest integer)?
2025,['multiplication'],"[7, 5]",35,What is 7 * 5 ?
2026,['multiplication'],"[9, 3]",27,What is 9 * 3 ?
2027,['division'],"[5, 4]",1,What is 5 / 4  (rounded to the nearest integer)?
2028,['division'],"[10, 2]",5,What is 10 / 2  (rounded to the nearest integer)?
2029,['multiplication'],"[7, 10]",70,What is 7 * 10 ?
2030,['division'],"[7, 3]",2,What is 7 / 3  (rounded to the nearest integer)?
2031,['addition'],"[1, 3]",4,What is 1 + 3 ?
2032,['multiplication'],"[4, 3]",12,What is 4 * 3 ?
2033,['division'],"[7, 7]",1,What is 7 / 7  (rounded to the nearest integer)?
2034,['division'],"[7, 3]",2,What is 7 / 3  (rounded to the nearest integer)?
2035,['multiplication'],"[5, 2]",10,What is 5 * 2 ?
2036,['multiplication'],"[7, 5]",35,What is 7 * 5 ?
2037,['subtraction'],"[12, 15]",-3,What is 12 - 15 ?
2038,['division'],"[7, 7]",1,What is 7 / 7  (rounded to the nearest integer)?
2039,['addition'],"[4, 1]",5,What is 4 + 1 ?
2040,['division'],"[10, 1]",10,What is 10 / 1  (rounded to the nearest integer)?
2041,['division'],"[4, 2]",2,What is 4 / 2  (rounded to the nearest integer)?
2042,['division'],"[7, 2]",4,What is 7 / 2  (rounded to the nearest integer)?
2043,['addition'],"[12, 12]",24,What is 12 + 12 ?
2044,['division'],"[5, 3]",2,What is 5 / 3  (rounded to the nearest integer)?
2045,['division'],"[8, 4]",2,What is 8 / 4  (rounded to the nearest integer)?
2046,['division'],"[4, 1]",4,What is 4 / 1  (rounded to the nearest integer)?
2047,['addition'],"[9, 13]",22,What is 9 + 13 ?
2048,['addition'],"[1, 14]",15,What is 1 + 14 ?
2049,['addition'],"[6, 10]",16,What is 6 + 10 ?
2050,['multiplication'],"[1, 9]",9,What is 1 * 9 ?
2051,['division'],"[8, 4]",2,What is 8 / 4  (rounded to the nearest integer)?
2052,['addition'],"[10, 4]",14,What is 10 + 4 ?
2053,['addition'],"[3, 7]",10,What is 3 + 7 ?
2054,['multiplication'],"[9, 5]",45,What is 9 * 5 ?
2055,['division'],"[3, 1]",3,What is 3 / 1  (rounded to the nearest integer)?
2056,['subtraction'],"[14, 9]",5,What is 14 - 9 ?
2057,['division'],"[6, 4]",2,What is 6 / 4  (rounded to the nearest integer)?
2058,['multiplication'],"[5, 6]",30,What is 5 * 6 ?
2059,['subtraction'],"[0, 14]",-14,What is 0 - 14 ?
2060,['multiplication'],"[3, 5]",15,What is 3 * 5 ?
2061,['addition'],"[12, 2]",14,What is 12 + 2 ?
2062,['subtraction'],"[11, 5]",6,What is 11 - 5 ?
2063,['division'],"[6, 2]",3,What is 6 / 2  (rounded to the nearest integer)?
2064,['addition'],"[0, 10]",10,What is 0 + 10 ?
2065,['division'],"[7, 3]",2,What is 7 / 3  (rounded to the nearest integer)?
2066,['addition'],"[2, 15]",17,What is 2 + 15 ?
2067,['multiplication'],"[3, 5]",15,What is 3 * 5 ?
2068,['multiplication'],"[1, 1]",1,What is 1 * 1 ?
2069,['multiplication'],"[9, 6]",54,What is 9 * 6 ?
2070,['addition'],"[9, 8]",17,What is 9 + 8 ?
2071,['addition'],"[14, 0]",14,What is 14 + 0 ?
2072,['multiplication'],"[7, 4]",28,What is 7 * 4 ?
2073,['multiplication'],"[1, 10]",10,What is 1 * 10 ?
2074,['subtraction'],"[13, 8]",5,What is 13 - 8 ?
2075,['multiplication'],"[3, 1]",3,What is 3 * 1 ?
2076,['division'],"[5, 4]",1,What is 5 / 4  (rounded to the nearest integer)?
2077,['multiplication'],"[10, 7]",70,What is 10 * 7 ?
2078,['subtraction'],"[6, 9]",-3,What is 6 - 9 ?
2079,['multiplication'],"[5, 10]",50,What is 5 * 10 ?
2080,['multiplication'],"[4, 3]",12,What is 4 * 3 ?
2081,['multiplication'],"[6, 5]",30,What is 6 * 5 ?
2082,['multiplication'],"[6, 2]",12,What is 6 * 2 ?
2083,['multiplication'],"[2, 9]",18,What is 2 * 9 ?
2084,['subtraction'],"[1, 6]",-5,What is 1 - 6 ?
2085,['multiplication'],"[5, 6]",30,What is 5 * 6 ?
2086,['multiplication'],"[6, 3]",18,What is 6 * 3 ?
2087,['addition'],"[1, 8]",9,What is 1 + 8 ?
2088,['addition'],"[15, 15]",30,What is 15 + 15 ?
2089,['subtraction'],"[15, 1]",14,What is 15 - 1 ?
2090,['division'],"[10, 2]",5,What is 10 / 2  (rounded to the nearest integer)?
2091,['multiplication'],"[3, 5]",15,What is 3 * 5 ?
2092,['addition'],"[6, 10]",16,What is 6 + 10 ?
2093,['division'],"[3, 2]",2,What is 3 / 2  (rounded to the nearest integer)?
2094,['subtraction'],"[3, 8]",-5,What is 3 - 8 ?
2095,['subtraction'],"[11, 6]",5,What is 11 - 6 ?
2096,['subtraction'],"[11, 1]",10,What is 11 - 1 ?
2097,['subtraction'],"[12, 9]",3,What is 12 - 9 ?
2098,['division'],"[9, 4]",2,What is 9 / 4  (rounded to the nearest integer)?
2099,['division'],"[10, 8]",1,What is 10 / 8  (rounded to the nearest integer)?
2100,['division'],"[9, 7]",1,What is 9 / 7  (rounded to the nearest integer)?
2101,['addition'],"[13, 5]",18,What is 13 + 5 ?
2102,['subtraction'],"[3, 2]",1,What is 3 - 2 ?
2103,['addition'],"[4, 15]",19,What is 4 + 15 ?
2104,['addition'],"[10, 8]",18,What is 10 + 8 ?
2105,['subtraction'],"[15, 3]",12,What is 15 - 3 ?
2106,['division'],"[9, 4]",2,What is 9 / 4  (rounded to the nearest integer)?
2107,['addition'],"[2, 14]",16,What is 2 + 14 ?
2108,['subtraction'],"[9, 7]",2,What is 9 - 7 ?
2109,['multiplication'],"[4, 5]",20,What is 4 * 5 ?
2110,['division'],"[3, 1]",3,What is 3 / 1  (rounded to the nearest integer)?
2111,['division'],"[3, 1]",3,What is 3 / 1  (rounded to the nearest integer)?
2112,['subtraction'],"[2, 1]",1,What is 2 - 1 ?
2113,['multiplication'],"[9, 5]",45,What is 9 * 5 ?
2114,['division'],"[8, 4]",2,What is 8 / 4  (rounded to the nearest integer)?
2115,['multiplication'],"[10, 7]",70,What is 10 * 7 ?
2116,['division'],"[8, 1]",8,What is 8 / 1  (rounded to the nearest integer)?
2117,['addition'],"[6, 4]",10,What is 6 + 4 ?
2118,['addition'],"[15, 0]",15,What is 15 + 0 ?
2119,['division'],"[6, 4]",2,What is 6 / 4  (rounded to the nearest integer)?
2120,['addition'],"[12, 4]",16,What is 12 + 4 ?
2121,['multiplication'],"[8, 9]",72,What is 8 * 9 ?
2122,['subtraction'],"[14, 1]",13,What is 14 - 1 ?
2123,['multiplication'],"[10, 2]",20,What is 10 * 2 ?
2124,['multiplication'],"[6, 2]",12,What is 6 * 2 ?
2125,['multiplication'],"[10, 3]",30,What is 10 * 3 ?
2126,['multiplication'],"[7, 3]",21,What is 7 * 3 ?
2127,['multiplication'],"[7, 6]",42,What is 7 * 6 ?
2128,['division'],"[6, 1]",6,What is 6 / 1  (rounded to the nearest integer)?
2129,['division'],"[9, 3]",3,What is 9 / 3  (rounded to the nearest integer)?
2130,['addition'],"[10, 6]",16,What is 10 + 6 ?
2131,['subtraction'],"[15, 11]",4,What is 15 - 11 ?
2132,['multiplication'],"[3, 3]",9,What is 3 * 3 ?
2133,['division'],"[8, 5]",2,What is 8 / 5  (rounded to the nearest integer)?
2134,['multiplication'],"[6, 3]",18,What is 6 * 3 ?
2135,['division'],"[5, 3]",2,What is 5 / 3  (rounded to the nearest integer)?
2136,['addition'],"[3, 14]",17,What is 3 + 14 ?
2137,['subtraction'],"[13, 15]",-2,What is 13 - 15 ?
2138,['division'],"[8, 6]",1,What is 8 / 6  (rounded to the nearest integer)?
2139,['division'],"[9, 5]",2,What is 9 / 5  (rounded to the nearest integer)?
2140,['multiplication'],"[7, 7]",49,What is 7 * 7 ?
2141,['multiplication'],"[6, 1]",6,What is 6 * 1 ?
2142,['subtraction'],"[4, 5]",-1,What is 4 - 5 ?
2143,['multiplication'],"[2, 8]",16,What is 2 * 8 ?
2144,['division'],"[8, 1]",8,What is 8 / 1  (rounded to the nearest integer)?
2145,['addition'],"[7, 14]",21,What is 7 + 14 ?
2146,['addition'],"[11, 13]",24,What is 11 + 13 ?
2147,['division'],"[8, 1]",8,What is 8 / 1  (rounded to the nearest integer)?
2148,['multiplication'],"[10, 7]",70,What is 10 * 7 ?
2149,['multiplication'],"[9, 3]",27,What is 9 * 3 ?
2150,['subtraction'],"[9, 3]",6,What is 9 - 3 ?
2151,['addition'],"[12, 4]",16,What is 12 + 4 ?
2152,['subtraction'],"[11, 0]",11,What is 11 - 0 ?
2153,['division'],"[4, 2]",2,What is 4 / 2  (rounded to the nearest integer)?
2154,['addition'],"[7, 8]",15,What is 7 + 8 ?
2155,['subtraction'],"[10, 13]",-3,What is 10 - 13 ?
2156,['subtraction'],"[14, 8]",6,What is 14 - 8 ?
2157,['subtraction'],"[0, 7]",-7,What is 0 - 7 ?
2158,['addition'],"[8, 6]",14,What is 8 + 6 ?
2159,['subtraction'],"[8, 1]",7,What is 8 - 1 ?
2160,['multiplication'],"[4, 8]",32,What is 4 * 8 ?
2161,['addition'],"[10, 0]",10,What is 10 + 0 ?
2162,['division'],"[10, 10]",1,What is 10 / 10  (rounded to the nearest integer)?
2163,['division'],"[9, 7]",1,What is 9 / 7  (rounded to the nearest integer)?
2164,['addition'],"[13, 0]",13,What is 13 + 0 ?
2165,['division'],"[9, 8]",1,What is 9 / 8  (rounded to the nearest integer)?
2166,['addition'],"[7, 2]",9,What is 7 + 2 ?
2167,['subtraction'],"[10, 9]",1,What is 10 - 9 ?
2168,['division'],"[5, 1]",5,What is 5 / 1  (rounded to the nearest integer)?
2169,['subtraction'],"[10, 11]",-1,What is 10 - 11 ?
2170,['subtraction'],"[2, 15]",-13,What is 2 - 15 ?
2171,['multiplication'],"[8, 3]",24,What is 8 * 3 ?
2172,['addition'],"[6, 14]",20,What is 6 + 14 ?
2173,['division'],"[10, 3]",3,What is 10 / 3  (rounded to the nearest integer)?
2174,['division'],"[10, 5]",2,What is 10 / 5  (rounded to the nearest integer)?
2175,['addition'],"[11, 6]",17,What is 11 + 6 ?
2176,['addition'],"[9, 5]",14,What is 9 + 5 ?
2177,['multiplication'],"[6, 7]",42,What is 6 * 7 ?
2178,['multiplication'],"[9, 10]",90,What is 9 * 10 ?
2179,['division'],"[9, 8]",1,What is 9 / 8  (rounded to the nearest integer)?
2180,['subtraction'],"[1, 13]",-12,What is 1 - 13 ?
2181,['division'],"[1, 1]",1,What is 1 / 1  (rounded to the nearest integer)?
2182,['multiplication'],"[1, 5]",5,What is 1 * 5 ?
2183,['division'],"[9, 2]",4,What is 9 / 2  (rounded to the nearest integer)?
2184,['subtraction'],"[1, 2]",-1,What is 1 - 2 ?
2185,['subtraction'],"[2, 4]",-2,What is 2 - 4 ?
2186,['division'],"[4, 3]",1,What is 4 / 3  (rounded to the nearest integer)?
2187,['division'],"[7, 3]",2,What is 7 / 3  (rounded to the nearest integer)?
2188,['division'],"[5, 1]",5,What is 5 / 1  (rounded to the nearest integer)?
2189,['multiplication'],"[7, 4]",28,What is 7 * 4 ?
2190,['division'],"[5, 2]",2,What is 5 / 2  (rounded to the nearest integer)?
2191,['division'],"[7, 2]",4,What is 7 / 2  (rounded to the nearest integer)?
2192,['subtraction'],"[14, 7]",7,What is 14 - 7 ?
2193,['multiplication'],"[3, 7]",21,What is 3 * 7 ?
2194,['division'],"[7, 5]",1,What is 7 / 5  (rounded to the nearest integer)?
2195,['multiplication'],"[5, 9]",45,What is 5 * 9 ?
2196,['division'],"[5, 3]",2,What is 5 / 3  (rounded to the nearest integer)?
2197,['subtraction'],"[1, 9]",-8,What is 1 - 9 ?
2198,['multiplication'],"[10, 10]",100,What is 10 * 10 ?
2199,['addition'],"[6, 5]",11,What is 6 + 5 ?
2200,['multiplication'],"[5, 4]",20,What is 5 * 4 ?
2201,['addition'],"[15, 13]",28,What is 15 + 13 ?
2202,['addition'],"[9, 9]",18,What is 9 + 9 ?
2203,['multiplication'],"[1, 2]",2,What is 1 * 2 ?
2204,['multiplication'],"[9, 10]",90,What is 9 * 10 ?
2205,['addition'],"[5, 15]",20,What is 5 + 15 ?
2206,['multiplication'],"[3, 9]",27,What is 3 * 9 ?
2207,['subtraction'],"[2, 12]",-10,What is 2 - 12 ?
2208,['multiplication'],"[1, 2]",2,What is 1 * 2 ?
2209,['multiplication'],"[1, 2]",2,What is 1 * 2 ?
2210,['multiplication'],"[1, 9]",9,What is 1 * 9 ?
2211,['division'],"[5, 5]",1,What is 5 / 5  (rounded to the nearest integer)?
2212,['multiplication'],"[4, 6]",24,What is 4 * 6 ?
2213,['multiplication'],"[5, 6]",30,What is 5 * 6 ?
2214,['multiplication'],"[5, 3]",15,What is 5 * 3 ?
2215,['multiplication'],"[2, 6]",12,What is 2 * 6 ?
2216,['addition'],"[9, 6]",15,What is 9 + 6 ?
2217,['addition'],"[11, 0]",11,What is 11 + 0 ?
2218,['division'],"[10, 6]",2,What is 10 / 6  (rounded to the nearest integer)?
2219,['subtraction'],"[3, 1]",2,What is 3 - 1 ?
2220,['subtraction'],"[2, 6]",-4,What is 2 - 6 ?
2221,['subtraction'],"[10, 3]",7,What is 10 - 3 ?
2222,['subtraction'],"[7, 10]",-3,What is 7 - 10 ?
2223,['multiplication'],"[2, 9]",18,What is 2 * 9 ?
2224,['addition'],"[13, 4]",17,What is 13 + 4 ?
2225,['multiplication'],"[1, 2]",2,What is 1 * 2 ?
2226,['subtraction'],"[13, 5]",8,What is 13 - 5 ?
2227,['multiplication'],"[9, 1]",9,What is 9 * 1 ?
2228,['subtraction'],"[4, 9]",-5,What is 4 - 9 ?
2229,['addition'],"[11, 9]",20,What is 11 + 9 ?
2230,['subtraction'],"[11, 8]",3,What is 11 - 8 ?
2231,['subtraction'],"[12, 8]",4,What is 12 - 8 ?
2232,['multiplication'],"[9, 2]",18,What is 9 * 2 ?
2233,['subtraction'],"[12, 8]",4,What is 12 - 8 ?
2234,['multiplication'],"[1, 2]",2,What is 1 * 2 ?
2235,['subtraction'],"[13, 6]",7,What is 13 - 6 ?
2236,['addition'],"[4, 5]",9,What is 4 + 5 ?
2237,['division'],"[3, 2]",2,What is 3 / 2  (rounded to the nearest integer)?
2238,['division'],"[10, 6]",2,What is 10 / 6  (rounded to the nearest integer)?
2239,['multiplication'],"[3, 9]",27,What is 3 * 9 ?
2240,['multiplication'],"[6, 5]",30,What is 6 * 5 ?
2241,['division'],"[4, 1]",4,What is 4 / 1  (rounded to the nearest integer)?
2242,['subtraction'],"[14, 4]",10,What is 14 - 4 ?
2243,['addition'],"[4, 12]",16,What is 4 + 12 ?
2244,['subtraction'],"[14, 6]",8,What is 14 - 6 ?
2245,['subtraction'],"[0, 13]",-13,What is 0 - 13 ?
2246,['division'],"[3, 2]",2,What is 3 / 2  (rounded to the nearest integer)?
2247,['division'],"[5, 2]",2,What is 5 / 2  (rounded to the nearest integer)?
2248,['subtraction'],"[13, 4]",9,What is 13 - 4 ?
2249,['addition'],"[5, 15]",20,What is 5 + 15 ?
2250,['multiplication'],"[4, 10]",40,What is 4 * 10 ?
2251,['division'],"[5, 2]",2,What is 5 / 2  (rounded to the nearest integer)?
2252,['addition'],"[9, 5]",14,What is 9 + 5 ?
2253,['subtraction'],"[11, 4]",7,What is 11 - 4 ?
2254,['subtraction'],"[6, 11]",-5,What is 6 - 11 ?
2255,['division'],"[8, 1]",8,What is 8 / 1  (rounded to the nearest integer)?
2256,['multiplication'],"[1, 3]",3,What is 1 * 3 ?
2257,['addition'],"[10, 9]",19,What is 10 + 9 ?
2258,['subtraction'],"[14, 11]",3,What is 14 - 11 ?
2259,['division'],"[1, 1]",1,What is 1 / 1  (rounded to the nearest integer)?
2260,['subtraction'],"[7, 3]",4,What is 7 - 3 ?
2261,['addition'],"[6, 14]",20,What is 6 + 14 ?
2262,['addition'],"[0, 5]",5,What is 0 + 5 ?
2263,['multiplication'],"[8, 6]",48,What is 8 * 6 ?
2264,['subtraction'],"[10, 5]",5,What is 10 - 5 ?
2265,['multiplication'],"[8, 10]",80,What is 8 * 10 ?
2266,['subtraction'],"[9, 9]",0,What is 9 - 9 ?
2267,['addition'],"[2, 7]",9,What is 2 + 7 ?
2268,['division'],"[10, 1]",10,What is 10 / 1  (rounded to the nearest integer)?
2269,['multiplication'],"[5, 5]",25,What is 5 * 5 ?
2270,['subtraction'],"[6, 13]",-7,What is 6 - 13 ?
2271,['division'],"[10, 7]",1,What is 10 / 7  (rounded to the nearest integer)?
2272,['subtraction'],"[3, 15]",-12,What is 3 - 15 ?
2273,['division'],"[10, 2]",5,What is 10 / 2  (rounded to the nearest integer)?
2274,['addition'],"[15, 11]",26,What is 15 + 11 ?
2275,['subtraction'],"[11, 7]",4,What is 11 - 7 ?
2276,['subtraction'],"[12, 11]",1,What is 12 - 11 ?
2277,['subtraction'],"[5, 8]",-3,What is 5 - 8 ?
2278,['multiplication'],"[5, 10]",50,What is 5 * 10 ?
2279,['multiplication'],"[10, 4]",40,What is 10 * 4 ?
2280,['multiplication'],"[7, 9]",63,What is 7 * 9 ?
2281,['subtraction'],"[5, 4]",1,What is 5 - 4 ?
2282,['addition'],"[7, 2]",9,What is 7 + 2 ?
2283,['subtraction'],"[4, 9]",-5,What is 4 - 9 ?
2284,['multiplication'],"[3, 3]",9,What is 3 * 3 ?
2285,['addition'],"[5, 7]",12,What is 5 + 7 ?
2286,['subtraction'],"[4, 9]",-5,What is 4 - 9 ?
2287,['addition'],"[6, 2]",8,What is 6 + 2 ?
2288,['multiplication'],"[9, 4]",36,What is 9 * 4 ?
2289,['division'],"[3, 2]",2,What is 3 / 2  (rounded to the nearest integer)?
2290,['addition'],"[13, 0]",13,What is 13 + 0 ?
2291,['division'],"[7, 1]",7,What is 7 / 1  (rounded to the nearest integer)?
2292,['addition'],"[14, 4]",18,What is 14 + 4 ?
2293,['addition'],"[9, 2]",11,What is 9 + 2 ?
2294,['multiplication'],"[6, 8]",48,What is 6 * 8 ?
2295,['subtraction'],"[3, 4]",-1,What is 3 - 4 ?
2296,['division'],"[2, 2]",1,What is 2 / 2  (rounded to the nearest integer)?
2297,['subtraction'],"[11, 5]",6,What is 11 - 5 ?
2298,['multiplication'],"[7, 9]",63,What is 7 * 9 ?
2299,['addition'],"[10, 14]",24,What is 10 + 14 ?
2300,['division'],"[9, 3]",3,What is 9 / 3  (rounded to the nearest integer)?
2301,['multiplication'],"[6, 2]",12,What is 6 * 2 ?
2302,['addition'],"[1, 13]",14,What is 1 + 13 ?
2303,['multiplication'],"[1, 9]",9,What is 1 * 9 ?
2304,['multiplication'],"[6, 5]",30,What is 6 * 5 ?
2305,['addition'],"[7, 2]",9,What is 7 + 2 ?
2306,['subtraction'],"[1, 12]",-11,What is 1 - 12 ?
2307,['multiplication'],"[4, 6]",24,What is 4 * 6 ?
2308,['addition'],"[4, 6]",10,What is 4 + 6 ?
2309,['multiplication'],"[6, 6]",36,What is 6 * 6 ?
2310,['division'],"[9, 4]",2,What is 9 / 4  (rounded to the nearest integer)?
2311,['subtraction'],"[2, 8]",-6,What is 2 - 8 ?
2312,['addition'],"[12, 8]",20,What is 12 + 8 ?
2313,['division'],"[7, 1]",7,What is 7 / 1  (rounded to the nearest integer)?
2314,['subtraction'],"[8, 1]",7,What is 8 - 1 ?
2315,['division'],"[9, 7]",1,What is 9 / 7  (rounded to the nearest integer)?
2316,['division'],"[10, 9]",1,What is 10 / 9  (rounded to the nearest integer)?
2317,['division'],"[2, 2]",1,What is 2 / 2  (rounded to the nearest integer)?
2318,['multiplication'],"[7, 7]",49,What is 7 * 7 ?
2319,['multiplication'],"[6, 9]",54,What is 6 * 9 ?
2320,['addition'],"[3, 6]",9,What is 3 + 6 ?
2321,['subtraction'],"[14, 0]",14,What is 14 - 0 ?
2322,['subtraction'],"[15, 14]",1,What is 15 - 14 ?
2323,['subtraction'],"[14, 0]",14,What is 14 - 0 ?
2324,['addition'],"[8, 0]",8,What is 8 + 0 ?
2325,['multiplication'],"[1, 2]",2,What is 1 * 2 ?
2326,['multiplication'],"[2, 8]",16,What is 2 * 8 ?
2327,['subtraction'],"[5, 15]",-10,What is 5 - 15 ?
2328,['division'],"[9, 8]",1,What is 9 / 8  (rounded to the nearest integer)?
2329,['addition'],"[8, 8]",16,What is 8 + 8 ?
2330,['division'],"[8, 5]",2,What is 8 / 5  (rounded to the nearest integer)?
2331,['division'],"[8, 3]",3,What is 8 / 3  (rounded to the nearest integer)?
2332,['subtraction'],"[15, 1]",14,What is 15 - 1 ?
2333,['division'],"[2, 1]",2,What is 2 / 1  (rounded to the nearest integer)?
2334,['division'],"[4, 1]",4,What is 4 / 1  (rounded to the nearest integer)?
2335,['subtraction'],"[9, 15]",-6,What is 9 - 15 ?
2336,['subtraction'],"[8, 9]",-1,What is 8 - 9 ?
2337,['multiplication'],"[3, 10]",30,What is 3 * 10 ?
2338,['addition'],"[1, 6]",7,What is 1 + 6 ?
2339,['multiplication'],"[10, 2]",20,What is 10 * 2 ?
2340,['division'],"[7, 4]",2,What is 7 / 4  (rounded to the nearest integer)?
2341,['addition'],"[1, 12]",13,What is 1 + 12 ?
2342,['addition'],"[12, 0]",12,What is 12 + 0 ?
2343,['division'],"[5, 1]",5,What is 5 / 1  (rounded to the nearest integer)?
2344,['division'],"[5, 3]",2,What is 5 / 3  (rounded to the nearest integer)?
2345,['division'],"[4, 3]",1,What is 4 / 3  (rounded to the nearest integer)?
2346,['division'],"[10, 2]",5,What is 10 / 2  (rounded to the nearest integer)?
2347,['division'],"[6, 6]",1,What is 6 / 6  (rounded to the nearest integer)?
2348,['division'],"[9, 8]",1,What is 9 / 8  (rounded to the nearest integer)?
2349,['subtraction'],"[13, 0]",13,What is 13 - 0 ?
2350,['multiplication'],"[1, 10]",10,What is 1 * 10 ?
2351,['addition'],"[10, 0]",10,What is 10 + 0 ?
2352,['addition'],"[7, 9]",16,What is 7 + 9 ?
2353,['multiplication'],"[8, 4]",32,What is 8 * 4 ?
2354,['multiplication'],"[7, 3]",21,What is 7 * 3 ?
2355,['subtraction'],"[8, 12]",-4,What is 8 - 12 ?
2356,['multiplication'],"[10, 2]",20,What is 10 * 2 ?
2357,['division'],"[7, 5]",1,What is 7 / 5  (rounded to the nearest integer)?
2358,['addition'],"[1, 6]",7,What is 1 + 6 ?
2359,['subtraction'],"[9, 1]",8,What is 9 - 1 ?
2360,['division'],"[10, 4]",2,What is 10 / 4  (rounded to the nearest integer)?
2361,['multiplication'],"[4, 2]",8,What is 4 * 2 ?
2362,['division'],"[8, 7]",1,What is 8 / 7  (rounded to the nearest integer)?
2363,['addition'],"[8, 2]",10,What is 8 + 2 ?
2364,['division'],"[3, 2]",2,What is 3 / 2  (rounded to the nearest integer)?
2365,['addition'],"[8, 0]",8,What is 8 + 0 ?
2366,['subtraction'],"[4, 13]",-9,What is 4 - 13 ?
2367,['division'],"[3, 2]",2,What is 3 / 2  (rounded to the nearest integer)?
2368,['addition'],"[5, 14]",19,What is 5 + 14 ?
2369,['addition'],"[4, 13]",17,What is 4 + 13 ?
2370,['division'],"[6, 5]",1,What is 6 / 5  (rounded to the nearest integer)?
2371,['multiplication'],"[4, 9]",36,What is 4 * 9 ?
2372,['multiplication'],"[5, 8]",40,What is 5 * 8 ?
2373,['addition'],"[12, 8]",20,What is 12 + 8 ?
2374,['division'],"[7, 7]",1,What is 7 / 7  (rounded to the nearest integer)?
2375,['subtraction'],"[7, 2]",5,What is 7 - 2 ?
2376,['division'],"[8, 5]",2,What is 8 / 5  (rounded to the nearest integer)?
2377,['subtraction'],"[13, 1]",12,What is 13 - 1 ?
2378,['addition'],"[5, 0]",5,What is 5 + 0 ?
2379,['subtraction'],"[6, 11]",-5,What is 6 - 11 ?
2380,['addition'],"[1, 11]",12,What is 1 + 11 ?
2381,['multiplication'],"[9, 9]",81,What is 9 * 9 ?
2382,['division'],"[8, 3]",3,What is 8 / 3  (rounded to the nearest integer)?
2383,['division'],"[10, 6]",2,What is 10 / 6  (rounded to the nearest integer)?
2384,['addition'],"[2, 5]",7,What is 2 + 5 ?
2385,['subtraction'],"[10, 2]",8,What is 10 - 2 ?
2386,['division'],"[5, 1]",5,What is 5 / 1  (rounded to the nearest integer)?
2387,['subtraction'],"[0, 8]",-8,What is 0 - 8 ?
2388,['multiplication'],"[8, 2]",16,What is 8 * 2 ?
2389,['addition'],"[3, 8]",11,What is 3 + 8 ?
2390,['division'],"[7, 6]",1,What is 7 / 6  (rounded to the nearest integer)?
2391,['subtraction'],"[9, 4]",5,What is 9 - 4 ?
2392,['addition'],"[12, 5]",17,What is 12 + 5 ?
2393,['subtraction'],"[5, 13]",-8,What is 5 - 13 ?
2394,['division'],"[7, 1]",7,What is 7 / 1  (rounded to the nearest integer)?
2395,['division'],"[6, 1]",6,What is 6 / 1  (rounded to the nearest integer)?
2396,['multiplication'],"[8, 10]",80,What is 8 * 10 ?
2397,['addition'],"[1, 9]",10,What is 1 + 9 ?
2398,['subtraction'],"[14, 11]",3,What is 14 - 11 ?
2399,['addition'],"[11, 0]",11,What is 11 + 0 ?
2400,['division'],"[5, 2]",2,What is 5 / 2  (rounded to the nearest integer)?
2401,['division'],"[6, 4]",2,What is 6 / 4  (rounded to the nearest integer)?
2402,['subtraction'],"[10, 11]",-1,What is 10 - 11 ?
2403,['subtraction'],"[1, 5]",-4,What is 1 - 5 ?
2404,['addition'],"[1, 0]",1,What is 1 + 0 ?
2405,['multiplication'],"[4, 9]",36,What is 4 * 9 ?
2406,['subtraction'],"[10, 3]",7,What is 10 - 3 ?
2407,['subtraction'],"[5, 7]",-2,What is 5 - 7 ?
2408,['subtraction'],"[11, 15]",-4,What is 11 - 15 ?
2409,['division'],"[4, 2]",2,What is 4 / 2  (rounded to the nearest integer)?
2410,['multiplication'],"[4, 6]",24,What is 4 * 6 ?
2411,['division'],"[6, 5]",1,What is 6 / 5  (rounded to the nearest integer)?
2412,['division'],"[7, 1]",7,What is 7 / 1  (rounded to the nearest integer)?
2413,['division'],"[10, 1]",10,What is 10 / 1  (rounded to the nearest integer)?
2414,['division'],"[2, 2]",1,What is 2 / 2  (rounded to the nearest integer)?
2415,['subtraction'],"[6, 10]",-4,What is 6 - 10 ?
2416,['multiplication'],"[8, 9]",72,What is 8 * 9 ?
2417,['division'],"[9, 8]",1,What is 9 / 8  (rounded to the nearest integer)?
2418,['addition'],"[15, 0]",15,What is 15 + 0 ?
2419,['addition'],"[6, 12]",18,What is 6 + 12 ?
2420,['multiplication'],"[6, 2]",12,What is 6 * 2 ?
2421,['multiplication'],"[7, 3]",21,What is 7 * 3 ?
2422,['addition'],"[14, 14]",28,What is 14 + 14 ?
2423,['division'],"[5, 1]",5,What is 5 / 1  (rounded to the nearest integer)?
2424,['subtraction'],"[0, 10]",-10,What is 0 - 10 ?
2425,['division'],"[6, 1]",6,What is 6 / 1  (rounded to the nearest integer)?
2426,['subtraction'],"[10, 6]",4,What is 10 - 6 ?
2427,['addition'],"[5, 8]",13,What is 5 + 8 ?
2428,['addition'],"[5, 14]",19,What is 5 + 14 ?
2429,['division'],"[7, 4]",2,What is 7 / 4  (rounded to the nearest integer)?
2430,['subtraction'],"[4, 13]",-9,What is 4 - 13 ?
2431,['multiplication'],"[7, 6]",42,What is 7 * 6 ?
2432,['addition'],"[11, 2]",13,What is 11 + 2 ?
2433,['multiplication'],"[1, 10]",10,What is 1 * 10 ?
2434,['addition'],"[10, 5]",15,What is 10 + 5 ?
2435,['subtraction'],"[9, 5]",4,What is 9 - 5 ?
2436,['multiplication'],"[1, 10]",10,What is 1 * 10 ?
2437,['subtraction'],"[7, 11]",-4,What is 7 - 11 ?
2438,['division'],"[10, 2]",5,What is 10 / 2  (rounded to the nearest integer)?
2439,['division'],"[9, 3]",3,What is 9 / 3  (rounded to the nearest integer)?
2440,['subtraction'],"[14, 12]",2,What is 14 - 12 ?
2441,['division'],"[10, 2]",5,What is 10 / 2  (rounded to the nearest integer)?
2442,['addition'],"[11, 5]",16,What is 11 + 5 ?
2443,['addition'],"[11, 10]",21,What is 11 + 10 ?
2444,['subtraction'],"[4, 2]",2,What is 4 - 2 ?
2445,['multiplication'],"[10, 6]",60,What is 10 * 6 ?
2446,['multiplication'],"[2, 4]",8,What is 2 * 4 ?
2447,['multiplication'],"[3, 2]",6,What is 3 * 2 ?
2448,['multiplication'],"[3, 10]",30,What is 3 * 10 ?
2449,['multiplication'],"[6, 10]",60,What is 6 * 10 ?
2450,['addition'],"[0, 11]",11,What is 0 + 11 ?
2451,['division'],"[5, 2]",2,What is 5 / 2  (rounded to the nearest integer)?
2452,['multiplication'],"[7, 7]",49,What is 7 * 7 ?
2453,['multiplication'],"[7, 3]",21,What is 7 * 3 ?
2454,['multiplication'],"[2, 4]",8,What is 2 * 4 ?
2455,['addition'],"[1, 13]",14,What is 1 + 13 ?
2456,['multiplication'],"[6, 5]",30,What is 6 * 5 ?
2457,['addition'],"[12, 12]",24,What is 12 + 12 ?
2458,['subtraction'],"[14, 4]",10,What is 14 - 4 ?
2459,['addition'],"[3, 15]",18,What is 3 + 15 ?
2460,['division'],"[9, 1]",9,What is 9 / 1  (rounded to the nearest integer)?
2461,['addition'],"[15, 4]",19,What is 15 + 4 ?
2462,['multiplication'],"[8, 10]",80,What is 8 * 10 ?
2463,['addition'],"[5, 13]",18,What is 5 + 13 ?
2464,['addition'],"[2, 2]",4,What is 2 + 2 ?
2465,['multiplication'],"[3, 1]",3,What is 3 * 1 ?
2466,['addition'],"[1, 5]",6,What is 1 + 5 ?
2467,['division'],"[8, 6]",1,What is 8 / 6  (rounded to the nearest integer)?
2468,['addition'],"[0, 10]",10,What is 0 + 10 ?
2469,['division'],"[9, 2]",4,What is 9 / 2  (rounded to the nearest integer)?
2470,['division'],"[5, 1]",5,What is 5 / 1  (rounded to the nearest integer)?
2471,['addition'],"[9, 10]",19,What is 9 + 10 ?
2472,['subtraction'],"[3, 13]",-10,What is 3 - 13 ?
2473,['subtraction'],"[4, 0]",4,What is 4 - 0 ?
2474,['multiplication'],"[5, 5]",25,What is 5 * 5 ?
2475,['multiplication'],"[6, 6]",36,What is 6 * 6 ?
2476,['subtraction'],"[6, 10]",-4,What is 6 - 10 ?
2477,['addition'],"[8, 4]",12,What is 8 + 4 ?
2478,['division'],"[9, 1]",9,What is 9 / 1  (rounded to the nearest integer)?
2479,['multiplication'],"[9, 4]",36,What is 9 * 4 ?
2480,['addition'],"[14, 5]",19,What is 14 + 5 ?
2481,['subtraction'],"[14, 3]",11,What is 14 - 3 ?
2482,['multiplication'],"[3, 6]",18,What is 3 * 6 ?
2483,['division'],"[9, 4]",2,What is 9 / 4  (rounded to the nearest integer)?
2484,['division'],"[5, 4]",1,What is 5 / 4  (rounded to the nearest integer)?
2485,['multiplication'],"[2, 4]",8,What is 2 * 4 ?
2486,['subtraction'],"[1, 11]",-10,What is 1 - 11 ?
2487,['addition'],"[1, 12]",13,What is 1 + 12 ?
2488,['division'],"[6, 5]",1,What is 6 / 5  (rounded to the nearest integer)?
2489,['multiplication'],"[6, 3]",18,What is 6 * 3 ?
2490,['division'],"[10, 8]",1,What is 10 / 8  (rounded to the nearest integer)?
2491,['division'],"[10, 4]",2,What is 10 / 4  (rounded to the nearest integer)?
2492,['division'],"[8, 6]",1,What is 8 / 6  (rounded to the nearest integer)?
2493,['addition'],"[4, 10]",14,What is 4 + 10 ?
2494,['subtraction'],"[3, 4]",-1,What is 3 - 4 ?
2495,['multiplication'],"[8, 6]",48,What is 8 * 6 ?
2496,['subtraction'],"[5, 2]",3,What is 5 - 2 ?
2497,['addition'],"[14, 7]",21,What is 14 + 7 ?
2498,['addition'],"[2, 9]",11,What is 2 + 9 ?
2499,['multiplication'],"[2, 2]",4,What is 2 * 2 ?
2500,['division'],"[4, 2]",2,What is 4 / 2  (rounded to the nearest integer)?
2501,['multiplication'],"[6, 10]",60,What is 6 * 10 ?
2502,['subtraction'],"[0, 14]",-14,What is 0 - 14 ?
2503,['addition'],"[0, 15]",15,What is 0 + 15 ?
2504,['subtraction'],"[13, 11]",2,What is 13 - 11 ?
2505,['division'],"[10, 6]",2,What is 10 / 6  (rounded to the nearest integer)?
2506,['division'],"[9, 2]",4,What is 9 / 2  (rounded to the nearest integer)?
2507,['multiplication'],"[8, 7]",56,What is 8 * 7 ?
2508,['multiplication'],"[3, 7]",21,What is 3 * 7 ?
2509,['addition'],"[6, 3]",9,What is 6 + 3 ?
2510,['subtraction'],"[13, 3]",10,What is 13 - 3 ?
2511,['addition'],"[7, 10]",17,What is 7 + 10 ?
2512,['addition'],"[7, 11]",18,What is 7 + 11 ?
2513,['division'],"[2, 1]",2,What is 2 / 1  (rounded to the nearest integer)?
2514,['addition'],"[3, 15]",18,What is 3 + 15 ?
2515,['addition'],"[7, 5]",12,What is 7 + 5 ?
2516,['multiplication'],"[4, 5]",20,What is 4 * 5 ?
2517,['addition'],"[8, 12]",20,What is 8 + 12 ?
2518,['addition'],"[7, 9]",16,What is 7 + 9 ?
2519,['multiplication'],"[4, 6]",24,What is 4 * 6 ?
2520,['subtraction'],"[8, 1]",7,What is 8 - 1 ?
2521,['addition'],"[1, 5]",6,What is 1 + 5 ?
2522,['multiplication'],"[1, 5]",5,What is 1 * 5 ?
2523,['addition'],"[4, 4]",8,What is 4 + 4 ?
2524,['addition'],"[1, 11]",12,What is 1 + 11 ?
2525,['division'],"[3, 1]",3,What is 3 / 1  (rounded to the nearest integer)?
2526,['addition'],"[10, 0]",10,What is 10 + 0 ?
2527,['division'],"[7, 6]",1,What is 7 / 6  (rounded to the nearest integer)?
2528,['multiplication'],"[8, 6]",48,What is 8 * 6 ?
2529,['division'],"[4, 2]",2,What is 4 / 2  (rounded to the nearest integer)?
2530,['division'],"[3, 2]",2,What is 3 / 2  (rounded to the nearest integer)?
2531,['multiplication'],"[6, 2]",12,What is 6 * 2 ?
2532,['division'],"[8, 7]",1,What is 8 / 7  (rounded to the nearest integer)?
2533,['division'],"[5, 5]",1,What is 5 / 5  (rounded to the nearest integer)?
2534,['multiplication'],"[4, 8]",32,What is 4 * 8 ?
2535,['division'],"[9, 8]",1,What is 9 / 8  (rounded to the nearest integer)?
2536,['addition'],"[12, 11]",23,What is 12 + 11 ?
2537,['division'],"[7, 1]",7,What is 7 / 1  (rounded to the nearest integer)?
2538,['subtraction'],"[3, 3]",0,What is 3 - 3 ?
2539,['division'],"[9, 5]",2,What is 9 / 5  (rounded to the nearest integer)?
2540,['addition'],"[5, 8]",13,What is 5 + 8 ?
2541,['multiplication'],"[1, 9]",9,What is 1 * 9 ?
2542,['multiplication'],"[7, 10]",70,What is 7 * 10 ?
2543,['division'],"[9, 8]",1,What is 9 / 8  (rounded to the nearest integer)?
2544,['division'],"[9, 6]",2,What is 9 / 6  (rounded to the nearest integer)?
2545,['addition'],"[7, 5]",12,What is 7 + 5 ?
2546,['multiplication'],"[8, 9]",72,What is 8 * 9 ?
2547,['subtraction'],"[6, 15]",-9,What is 6 - 15 ?
2548,['division'],"[7, 4]",2,What is 7 / 4  (rounded to the nearest integer)?
2549,['multiplication'],"[5, 6]",30,What is 5 * 6 ?
2550,['division'],"[5, 2]",2,What is 5 / 2  (rounded to the nearest integer)?
2551,['multiplication'],"[4, 5]",20,What is 4 * 5 ?
2552,['multiplication'],"[9, 9]",81,What is 9 * 9 ?
2553,['subtraction'],"[15, 8]",7,What is 15 - 8 ?
2554,['multiplication'],"[1, 2]",2,What is 1 * 2 ?
2555,['addition'],"[8, 5]",13,What is 8 + 5 ?
2556,['division'],"[8, 1]",8,What is 8 / 1  (rounded to the nearest integer)?
2557,['multiplication'],"[1, 2]",2,What is 1 * 2 ?
2558,['subtraction'],"[11, 14]",-3,What is 11 - 14 ?
2559,['subtraction'],"[13, 5]",8,What is 13 - 5 ?
2560,['addition'],"[9, 12]",21,What is 9 + 12 ?
2561,['division'],"[10, 10]",1,What is 10 / 10  (rounded to the nearest integer)?
2562,['subtraction'],"[0, 8]",-8,What is 0 - 8 ?
2563,['division'],"[10, 1]",10,What is 10 / 1  (rounded to the nearest integer)?
2564,['addition'],"[0, 6]",6,What is 0 + 6 ?
2565,['division'],"[10, 1]",10,What is 10 / 1  (rounded to the nearest integer)?
2566,['multiplication'],"[10, 4]",40,What is 10 * 4 ?
2567,['subtraction'],"[11, 1]",10,What is 11 - 1 ?
2568,['addition'],"[3, 10]",13,What is 3 + 10 ?
2569,['division'],"[3, 2]",2,What is 3 / 2  (rounded to the nearest integer)?
2570,['multiplication'],"[7, 10]",70,What is 7 * 10 ?
2571,['addition'],"[7, 3]",10,What is 7 + 3 ?
2572,['division'],"[10, 9]",1,What is 10 / 9  (rounded to the nearest integer)?
2573,['addition'],"[6, 15]",21,What is 6 + 15 ?
2574,['subtraction'],"[9, 6]",3,What is 9 - 6 ?
2575,['multiplication'],"[9, 8]",72,What is 9 * 8 ?
2576,['multiplication'],"[8, 6]",48,What is 8 * 6 ?
2577,['multiplication'],"[5, 7]",35,What is 5 * 7 ?
2578,['subtraction'],"[8, 1]",7,What is 8 - 1 ?
2579,['subtraction'],"[9, 15]",-6,What is 9 - 15 ?
2580,['multiplication'],"[9, 4]",36,What is 9 * 4 ?
2581,['division'],"[6, 1]",6,What is 6 / 1  (rounded to the nearest integer)?
2582,['division'],"[3, 1]",3,What is 3 / 1  (rounded to the nearest integer)?
2583,['addition'],"[0, 13]",13,What is 0 + 13 ?
2584,['addition'],"[14, 6]",20,What is 14 + 6 ?
2585,['multiplication'],"[4, 4]",16,What is 4 * 4 ?
2586,['addition'],"[5, 2]",7,What is 5 + 2 ?
2587,['subtraction'],"[6, 13]",-7,What is 6 - 13 ?
2588,['addition'],"[0, 7]",7,What is 0 + 7 ?
2589,['addition'],"[4, 12]",16,What is 4 + 12 ?
2590,['addition'],"[13, 13]",26,What is 13 + 13 ?
2591,['subtraction'],"[11, 2]",9,What is 11 - 2 ?
2592,['subtraction'],"[10, 10]",0,What is 10 - 10 ?
2593,['multiplication'],"[7, 5]",35,What is 7 * 5 ?
2594,['subtraction'],"[8, 9]",-1,What is 8 - 9 ?
2595,['addition'],"[12, 15]",27,What is 12 + 15 ?
2596,['multiplication'],"[3, 10]",30,What is 3 * 10 ?
2597,['division'],"[3, 3]",1,What is 3 / 3  (rounded to the nearest integer)?
2598,['subtraction'],"[5, 4]",1,What is 5 - 4 ?
2599,['addition'],"[2, 5]",7,What is 2 + 5 ?
2600,['division'],"[10, 3]",3,What is 10 / 3  (rounded to the nearest integer)?
2601,['division'],"[1, 1]",1,What is 1 / 1  (rounded to the nearest integer)?
2602,['addition'],"[1, 5]",6,What is 1 + 5 ?
2603,['addition'],"[12, 11]",23,What is 12 + 11 ?
2604,['addition'],"[15, 9]",24,What is 15 + 9 ?
2605,['division'],"[3, 1]",3,What is 3 / 1  (rounded to the nearest integer)?
2606,['multiplication'],"[9, 10]",90,What is 9 * 10 ?
2607,['addition'],"[3, 3]",6,What is 3 + 3 ?
2608,['division'],"[10, 1]",10,What is 10 / 1  (rounded to the nearest integer)?
2609,['multiplication'],"[5, 4]",20,What is 5 * 4 ?
2610,['multiplication'],"[6, 8]",48,What is 6 * 8 ?
2611,['addition'],"[10, 9]",19,What is 10 + 9 ?
2612,['subtraction'],"[15, 13]",2,What is 15 - 13 ?
2613,['subtraction'],"[6, 1]",5,What is 6 - 1 ?
2614,['subtraction'],"[15, 9]",6,What is 15 - 9 ?
2615,['subtraction'],"[14, 1]",13,What is 14 - 1 ?
2616,['division'],"[7, 3]",2,What is 7 / 3  (rounded to the nearest integer)?
2617,['multiplication'],"[1, 1]",1,What is 1 * 1 ?
2618,['division'],"[10, 1]",10,What is 10 / 1  (rounded to the nearest integer)?
2619,['multiplication'],"[9, 1]",9,What is 9 * 1 ?
2620,['multiplication'],"[9, 10]",90,What is 9 * 10 ?
2621,['multiplication'],"[6, 8]",48,What is 6 * 8 ?
2622,['addition'],"[3, 12]",15,What is 3 + 12 ?
2623,['division'],"[3, 2]",2,What is 3 / 2  (rounded to the nearest integer)?
2624,['subtraction'],"[3, 14]",-11,What is 3 - 14 ?
2625,['division'],"[5, 3]",2,What is 5 / 3  (rounded to the nearest integer)?
2626,['division'],"[10, 10]",1,What is 10 / 10  (rounded to the nearest integer)?
2627,['division'],"[2, 2]",1,What is 2 / 2  (rounded to the nearest integer)?
2628,['division'],"[5, 2]",2,What is 5 / 2  (rounded to the nearest integer)?
2629,['subtraction'],"[13, 1]",12,What is 13 - 1 ?
2630,['division'],"[5, 4]",1,What is 5 / 4  (rounded to the nearest integer)?
2631,['multiplication'],"[2, 6]",12,What is 2 * 6 ?
2632,['addition'],"[15, 14]",29,What is 15 + 14 ?
2633,['addition'],"[12, 14]",26,What is 12 + 14 ?
2634,['multiplication'],"[4, 2]",8,What is 4 * 2 ?
2635,['multiplication'],"[2, 10]",20,What is 2 * 10 ?
2636,['addition'],"[15, 2]",17,What is 15 + 2 ?
2637,['addition'],"[14, 6]",20,What is 14 + 6 ?
2638,['addition'],"[7, 10]",17,What is 7 + 10 ?
2639,['multiplication'],"[8, 8]",64,What is 8 * 8 ?
2640,['division'],"[10, 9]",1,What is 10 / 9  (rounded to the nearest integer)?
2641,['multiplication'],"[4, 1]",4,What is 4 * 1 ?
2642,['multiplication'],"[2, 10]",20,What is 2 * 10 ?
2643,['division'],"[10, 7]",1,What is 10 / 7  (rounded to the nearest integer)?
2644,['division'],"[10, 7]",1,What is 10 / 7  (rounded to the nearest integer)?
2645,['multiplication'],"[7, 6]",42,What is 7 * 6 ?
2646,['division'],"[6, 1]",6,What is 6 / 1  (rounded to the nearest integer)?
2647,['multiplication'],"[6, 10]",60,What is 6 * 10 ?
2648,['subtraction'],"[7, 8]",-1,What is 7 - 8 ?
2649,['subtraction'],"[8, 9]",-1,What is 8 - 9 ?
2650,['subtraction'],"[9, 7]",2,What is 9 - 7 ?
2651,['division'],"[8, 4]",2,What is 8 / 4  (rounded to the nearest integer)?
2652,['division'],"[5, 1]",5,What is 5 / 1  (rounded to the nearest integer)?
2653,['addition'],"[10, 13]",23,What is 10 + 13 ?
2654,['subtraction'],"[11, 15]",-4,What is 11 - 15 ?
2655,['subtraction'],"[3, 7]",-4,What is 3 - 7 ?
2656,['division'],"[10, 5]",2,What is 10 / 5  (rounded to the nearest integer)?
2657,['multiplication'],"[6, 6]",36,What is 6 * 6 ?
2658,['subtraction'],"[3, 1]",2,What is 3 - 1 ?
2659,['addition'],"[0, 12]",12,What is 0 + 12 ?
2660,['multiplication'],"[9, 1]",9,What is 9 * 1 ?
2661,['subtraction'],"[6, 14]",-8,What is 6 - 14 ?
2662,['addition'],"[12, 14]",26,What is 12 + 14 ?
2663,['division'],"[9, 6]",2,What is 9 / 6  (rounded to the nearest integer)?
2664,['addition'],"[0, 1]",1,What is 0 + 1 ?
2665,['division'],"[7, 7]",1,What is 7 / 7  (rounded to the nearest integer)?
2666,['multiplication'],"[3, 10]",30,What is 3 * 10 ?
2667,['multiplication'],"[7, 6]",42,What is 7 * 6 ?
2668,['subtraction'],"[5, 6]",-1,What is 5 - 6 ?
2669,['division'],"[8, 8]",1,What is 8 / 8  (rounded to the nearest integer)?
2670,['division'],"[8, 7]",1,What is 8 / 7  (rounded to the nearest integer)?
2671,['multiplication'],"[2, 4]",8,What is 2 * 4 ?
2672,['subtraction'],"[14, 0]",14,What is 14 - 0 ?
2673,['addition'],"[3, 9]",12,What is 3 + 9 ?
2674,['addition'],"[8, 12]",20,What is 8 + 12 ?
2675,['addition'],"[6, 1]",7,What is 6 + 1 ?
2676,['division'],"[4, 3]",1,What is 4 / 3  (rounded to the nearest integer)?
2677,['subtraction'],"[15, 2]",13,What is 15 - 2 ?
2678,['division'],"[10, 9]",1,What is 10 / 9  (rounded to the nearest integer)?
2679,['subtraction'],"[2, 5]",-3,What is 2 - 5 ?
2680,['subtraction'],"[11, 1]",10,What is 11 - 1 ?
2681,['multiplication'],"[7, 2]",14,What is 7 * 2 ?
2682,['subtraction'],"[4, 13]",-9,What is 4 - 13 ?
2683,['addition'],"[0, 7]",7,What is 0 + 7 ?
2684,['multiplication'],"[6, 4]",24,What is 6 * 4 ?
2685,['division'],"[7, 5]",1,What is 7 / 5  (rounded to the nearest integer)?
2686,['subtraction'],"[4, 1]",3,What is 4 - 1 ?
2687,['addition'],"[2, 12]",14,What is 2 + 12 ?
2688,['addition'],"[13, 13]",26,What is 13 + 13 ?
2689,['multiplication'],"[2, 4]",8,What is 2 * 4 ?
2690,['subtraction'],"[1, 14]",-13,What is 1 - 14 ?
2691,['division'],"[7, 1]",7,What is 7 / 1  (rounded to the nearest integer)?
2692,['addition'],"[8, 14]",22,What is 8 + 14 ?
2693,['division'],"[2, 1]",2,What is 2 / 1  (rounded to the nearest integer)?
2694,['addition'],"[13, 15]",28,What is 13 + 15 ?
2695,['subtraction'],"[12, 15]",-3,What is 12 - 15 ?
2696,['addition'],"[9, 11]",20,What is 9 + 11 ?
2697,['subtraction'],"[13, 12]",1,What is 13 - 12 ?
2698,['addition'],"[13, 5]",18,What is 13 + 5 ?
2699,['multiplication'],"[3, 6]",18,What is 3 * 6 ?
2700,['division'],"[7, 7]",1,What is 7 / 7  (rounded to the nearest integer)?
2701,['subtraction'],"[0, 12]",-12,What is 0 - 12 ?
2702,['addition'],"[12, 7]",19,What is 12 + 7 ?
2703,['subtraction'],"[3, 9]",-6,What is 3 - 9 ?
2704,['addition'],"[13, 12]",25,What is 13 + 12 ?
2705,['subtraction'],"[6, 10]",-4,What is 6 - 10 ?
2706,['division'],"[1, 1]",1,What is 1 / 1  (rounded to the nearest integer)?
2707,['division'],"[3, 3]",1,What is 3 / 3  (rounded to the nearest integer)?
2708,['division'],"[5, 1]",5,What is 5 / 1  (rounded to the nearest integer)?
2709,['division'],"[10, 4]",2,What is 10 / 4  (rounded to the nearest integer)?
2710,['subtraction'],"[9, 11]",-2,What is 9 - 11 ?
2711,['multiplication'],"[7, 9]",63,What is 7 * 9 ?
2712,['addition'],"[5, 12]",17,What is 5 + 12 ?
2713,['division'],"[8, 5]",2,What is 8 / 5  (rounded to the nearest integer)?
2714,['subtraction'],"[4, 9]",-5,What is 4 - 9 ?
2715,['subtraction'],"[10, 8]",2,What is 10 - 8 ?
2716,['division'],"[8, 4]",2,What is 8 / 4  (rounded to the nearest integer)?
2717,['addition'],"[11, 5]",16,What is 11 + 5 ?
2718,['division'],"[10, 1]",10,What is 10 / 1  (rounded to the nearest integer)?
2719,['subtraction'],"[2, 9]",-7,What is 2 - 9 ?
2720,['addition'],"[15, 12]",27,What is 15 + 12 ?
2721,['division'],"[4, 2]",2,What is 4 / 2  (rounded to the nearest integer)?
2722,['addition'],"[12, 8]",20,What is 12 + 8 ?
2723,['addition'],"[14, 8]",22,What is 14 + 8 ?
2724,['division'],"[10, 7]",1,What is 10 / 7  (rounded to the nearest integer)?
2725,['division'],"[5, 4]",1,What is 5 / 4  (rounded to the nearest integer)?
2726,['multiplication'],"[3, 6]",18,What is 3 * 6 ?
2727,['multiplication'],"[6, 1]",6,What is 6 * 1 ?
2728,['multiplication'],"[1, 5]",5,What is 1 * 5 ?
2729,['addition'],"[6, 2]",8,What is 6 + 2 ?
2730,['multiplication'],"[3, 5]",15,What is 3 * 5 ?
2731,['division'],"[7, 5]",1,What is 7 / 5  (rounded to the nearest integer)?
2732,['division'],"[9, 2]",4,What is 9 / 2  (rounded to the nearest integer)?
2733,['subtraction'],"[10, 4]",6,What is 10 - 4 ?
2734,['division'],"[9, 6]",2,What is 9 / 6  (rounded to the nearest integer)?
2735,['addition'],"[14, 7]",21,What is 14 + 7 ?
2736,['addition'],"[10, 7]",17,What is 10 + 7 ?
2737,['multiplication'],"[1, 10]",10,What is 1 * 10 ?
2738,['subtraction'],"[4, 6]",-2,What is 4 - 6 ?
2739,['division'],"[6, 4]",2,What is 6 / 4  (rounded to the nearest integer)?
2740,['multiplication'],"[2, 10]",20,What is 2 * 10 ?
2741,['addition'],"[1, 7]",8,What is 1 + 7 ?
2742,['subtraction'],"[1, 14]",-13,What is 1 - 14 ?
2743,['subtraction'],"[13, 8]",5,What is 13 - 8 ?
2744,['addition'],"[5, 4]",9,What is 5 + 4 ?
2745,['subtraction'],"[4, 3]",1,What is 4 - 3 ?
2746,['subtraction'],"[4, 2]",2,What is 4 - 2 ?
2747,['division'],"[8, 7]",1,What is 8 / 7  (rounded to the nearest integer)?
2748,['subtraction'],"[3, 12]",-9,What is 3 - 12 ?
2749,['addition'],"[0, 3]",3,What is 0 + 3 ?
2750,['subtraction'],"[4, 9]",-5,What is 4 - 9 ?
2751,['multiplication'],"[6, 8]",48,What is 6 * 8 ?
2752,['division'],"[10, 1]",10,What is 10 / 1  (rounded to the nearest integer)?
2753,['multiplication'],"[5, 9]",45,What is 5 * 9 ?
2754,['addition'],"[12, 7]",19,What is 12 + 7 ?
2755,['multiplication'],"[3, 3]",9,What is 3 * 3 ?
2756,['addition'],"[12, 3]",15,What is 12 + 3 ?
2757,['division'],"[4, 1]",4,What is 4 / 1  (rounded to the nearest integer)?
2758,['addition'],"[5, 0]",5,What is 5 + 0 ?
2759,['addition'],"[6, 11]",17,What is 6 + 11 ?
2760,['multiplication'],"[6, 1]",6,What is 6 * 1 ?
2761,['division'],"[10, 4]",2,What is 10 / 4  (rounded to the nearest integer)?
2762,['subtraction'],"[11, 4]",7,What is 11 - 4 ?
2763,['division'],"[10, 1]",10,What is 10 / 1  (rounded to the nearest integer)?
2764,['division'],"[10, 6]",2,What is 10 / 6  (rounded to the nearest integer)?
2765,['multiplication'],"[10, 6]",60,What is 10 * 6 ?
2766,['division'],"[9, 8]",1,What is 9 / 8  (rounded to the nearest integer)?
2767,['addition'],"[5, 12]",17,What is 5 + 12 ?
2768,['division'],"[5, 5]",1,What is 5 / 5  (rounded to the nearest integer)?
2769,['subtraction'],"[14, 12]",2,What is 14 - 12 ?
2770,['multiplication'],"[1, 5]",5,What is 1 * 5 ?
2771,['addition'],"[1, 12]",13,What is 1 + 12 ?
2772,['multiplication'],"[2, 3]",6,What is 2 * 3 ?
2773,['subtraction'],"[9, 14]",-5,What is 9 - 14 ?
2774,['subtraction'],"[1, 10]",-9,What is 1 - 10 ?
2775,['addition'],"[1, 10]",11,What is 1 + 10 ?
2776,['division'],"[8, 2]",4,What is 8 / 2  (rounded to the nearest integer)?
2777,['division'],"[6, 1]",6,What is 6 / 1  (rounded to the nearest integer)?
2778,['division'],"[5, 2]",2,What is 5 / 2  (rounded to the nearest integer)?
2779,['multiplication'],"[10, 5]",50,What is 10 * 5 ?
2780,['addition'],"[3, 14]",17,What is 3 + 14 ?
2781,['subtraction'],"[12, 1]",11,What is 12 - 1 ?
2782,['multiplication'],"[5, 1]",5,What is 5 * 1 ?
2783,['subtraction'],"[5, 7]",-2,What is 5 - 7 ?
2784,['multiplication'],"[8, 3]",24,What is 8 * 3 ?
2785,['addition'],"[13, 14]",27,What is 13 + 14 ?
2786,['subtraction'],"[7, 9]",-2,What is 7 - 9 ?
2787,['subtraction'],"[14, 7]",7,What is 14 - 7 ?
2788,['addition'],"[11, 10]",21,What is 11 + 10 ?
2789,['subtraction'],"[3, 5]",-2,What is 3 - 5 ?
2790,['addition'],"[12, 7]",19,What is 12 + 7 ?
2791,['subtraction'],"[5, 11]",-6,What is 5 - 11 ?
2792,['division'],"[5, 1]",5,What is 5 / 1  (rounded to the nearest integer)?
2793,['addition'],"[12, 12]",24,What is 12 + 12 ?
2794,['addition'],"[8, 3]",11,What is 8 + 3 ?
2795,['addition'],"[9, 13]",22,What is 9 + 13 ?
2796,['addition'],"[6, 13]",19,What is 6 + 13 ?
2797,['division'],"[8, 1]",8,What is 8 / 1  (rounded to the nearest integer)?
2798,['subtraction'],"[5, 9]",-4,What is 5 - 9 ?
2799,['subtraction'],"[0, 15]",-15,What is 0 - 15 ?
2800,['addition'],"[8, 1]",9,What is 8 + 1 ?
2801,['subtraction'],"[10, 13]",-3,What is 10 - 13 ?
2802,['multiplication'],"[6, 7]",42,What is 6 * 7 ?
2803,['addition'],"[15, 10]",25,What is 15 + 10 ?
2804,['multiplication'],"[5, 9]",45,What is 5 * 9 ?
2805,['multiplication'],"[2, 7]",14,What is 2 * 7 ?
2806,['subtraction'],"[8, 12]",-4,What is 8 - 12 ?
2807,['multiplication'],"[1, 5]",5,What is 1 * 5 ?
2808,['subtraction'],"[5, 9]",-4,What is 5 - 9 ?
2809,['multiplication'],"[1, 4]",4,What is 1 * 4 ?
2810,['subtraction'],"[13, 8]",5,What is 13 - 8 ?
2811,['division'],"[7, 6]",1,What is 7 / 6  (rounded to the nearest integer)?
2812,['multiplication'],"[1, 4]",4,What is 1 * 4 ?
2813,['addition'],"[3, 2]",5,What is 3 + 2 ?
2814,['multiplication'],"[8, 8]",64,What is 8 * 8 ?
2815,['division'],"[1, 1]",1,What is 1 / 1  (rounded to the nearest integer)?
2816,['division'],"[6, 3]",2,What is 6 / 3  (rounded to the nearest integer)?
2817,['multiplication'],"[8, 4]",32,What is 8 * 4 ?
2818,['addition'],"[15, 9]",24,What is 15 + 9 ?
2819,['multiplication'],"[6, 6]",36,What is 6 * 6 ?
2820,['division'],"[9, 3]",3,What is 9 / 3  (rounded to the nearest integer)?
2821,['division'],"[5, 1]",5,What is 5 / 1  (rounded to the nearest integer)?
2822,['addition'],"[11, 12]",23,What is 11 + 12 ?
2823,['division'],"[8, 7]",1,What is 8 / 7  (rounded to the nearest integer)?
2824,['division'],"[5, 5]",1,What is 5 / 5  (rounded to the nearest integer)?
2825,['multiplication'],"[4, 4]",16,What is 4 * 4 ?
2826,['addition'],"[9, 15]",24,What is 9 + 15 ?
2827,['multiplication'],"[5, 2]",10,What is 5 * 2 ?
2828,['multiplication'],"[6, 8]",48,What is 6 * 8 ?
2829,['addition'],"[14, 12]",26,What is 14 + 12 ?
2830,['addition'],"[12, 5]",17,What is 12 + 5 ?
2831,['division'],"[8, 3]",3,What is 8 / 3  (rounded to the nearest integer)?
2832,['division'],"[8, 7]",1,What is 8 / 7  (rounded to the nearest integer)?
2833,['multiplication'],"[8, 3]",24,What is 8 * 3 ?
2834,['subtraction'],"[7, 8]",-1,What is 7 - 8 ?
2835,['addition'],"[12, 14]",26,What is 12 + 14 ?
2836,['addition'],"[7, 12]",19,What is 7 + 12 ?
2837,['division'],"[2, 1]",2,What is 2 / 1  (rounded to the nearest integer)?
2838,['multiplication'],"[8, 3]",24,What is 8 * 3 ?
2839,['addition'],"[6, 13]",19,What is 6 + 13 ?
2840,['multiplication'],"[10, 9]",90,What is 10 * 9 ?
2841,['addition'],"[5, 1]",6,What is 5 + 1 ?
2842,['addition'],"[6, 13]",19,What is 6 + 13 ?
2843,['multiplication'],"[8, 4]",32,What is 8 * 4 ?
2844,['division'],"[9, 6]",2,What is 9 / 6  (rounded to the nearest integer)?
2845,['multiplication'],"[6, 7]",42,What is 6 * 7 ?
2846,['division'],"[10, 4]",2,What is 10 / 4  (rounded to the nearest integer)?
2847,['multiplication'],"[8, 7]",56,What is 8 * 7 ?
2848,['division'],"[10, 5]",2,What is 10 / 5  (rounded to the nearest integer)?
2849,['multiplication'],"[7, 1]",7,What is 7 * 1 ?
2850,['addition'],"[2, 12]",14,What is 2 + 12 ?
2851,['subtraction'],"[12, 5]",7,What is 12 - 5 ?
2852,['addition'],"[6, 10]",16,What is 6 + 10 ?
2853,['subtraction'],"[10, 10]",0,What is 10 - 10 ?
2854,['subtraction'],"[4, 3]",1,What is 4 - 3 ?
2855,['division'],"[10, 1]",10,What is 10 / 1  (rounded to the nearest integer)?
2856,['division'],"[5, 4]",1,What is 5 / 4  (rounded to the nearest integer)?
2857,['addition'],"[3, 1]",4,What is 3 + 1 ?
2858,['division'],"[8, 6]",1,What is 8 / 6  (rounded to the nearest integer)?
2859,['division'],"[10, 1]",10,What is 10 / 1  (rounded to the nearest integer)?
2860,['multiplication'],"[5, 1]",5,What is 5 * 1 ?
2861,['multiplication'],"[8, 6]",48,What is 8 * 6 ?
2862,['division'],"[10, 4]",2,What is 10 / 4  (rounded to the nearest integer)?
2863,['addition'],"[13, 12]",25,What is 13 + 12 ?
2864,['addition'],"[6, 15]",21,What is 6 + 15 ?
2865,['division'],"[5, 5]",1,What is 5 / 5  (rounded to the nearest integer)?
2866,['multiplication'],"[1, 10]",10,What is 1 * 10 ?
2867,['multiplication'],"[6, 9]",54,What is 6 * 9 ?
2868,['multiplication'],"[3, 7]",21,What is 3 * 7 ?
2869,['subtraction'],"[8, 9]",-1,What is 8 - 9 ?
2870,['multiplication'],"[8, 4]",32,What is 8 * 4 ?
2871,['addition'],"[3, 14]",17,What is 3 + 14 ?
2872,['subtraction'],"[15, 6]",9,What is 15 - 6 ?
2873,['addition'],"[0, 4]",4,What is 0 + 4 ?
2874,['multiplication'],"[5, 1]",5,What is 5 * 1 ?
2875,['multiplication'],"[9, 3]",27,What is 9 * 3 ?
2876,['division'],"[3, 2]",2,What is 3 / 2  (rounded to the nearest integer)?
2877,['subtraction'],"[9, 13]",-4,What is 9 - 13 ?
2878,['multiplication'],"[7, 6]",42,What is 7 * 6 ?
2879,['addition'],"[7, 9]",16,What is 7 + 9 ?
2880,['subtraction'],"[10, 0]",10,What is 10 - 0 ?
2881,['subtraction'],"[1, 14]",-13,What is 1 - 14 ?
2882,['subtraction'],"[1, 5]",-4,What is 1 - 5 ?
2883,['multiplication'],"[3, 5]",15,What is 3 * 5 ?
2884,['addition'],"[5, 7]",12,What is 5 + 7 ?
2885,['addition'],"[14, 15]",29,What is 14 + 15 ?
2886,['multiplication'],"[8, 10]",80,What is 8 * 10 ?
2887,['addition'],"[2, 12]",14,What is 2 + 12 ?
2888,['addition'],"[11, 7]",18,What is 11 + 7 ?
2889,['addition'],"[1, 12]",13,What is 1 + 12 ?
2890,['multiplication'],"[5, 2]",10,What is 5 * 2 ?
2891,['division'],"[5, 2]",2,What is 5 / 2  (rounded to the nearest integer)?
2892,['subtraction'],"[7, 0]",7,What is 7 - 0 ?
2893,['subtraction'],"[5, 14]",-9,What is 5 - 14 ?
2894,['multiplication'],"[7, 9]",63,What is 7 * 9 ?
2895,['subtraction'],"[5, 5]",0,What is 5 - 5 ?
2896,['division'],"[10, 2]",5,What is 10 / 2  (rounded to the nearest integer)?
2897,['addition'],"[5, 14]",19,What is 5 + 14 ?
2898,['subtraction'],"[1, 7]",-6,What is 1 - 7 ?
2899,['subtraction'],"[6, 11]",-5,What is 6 - 11 ?
2900,['multiplication'],"[4, 8]",32,What is 4 * 8 ?
2901,['multiplication'],"[10, 4]",40,What is 10 * 4 ?
2902,['division'],"[10, 4]",2,What is 10 / 4  (rounded to the nearest integer)?
2903,['multiplication'],"[6, 6]",36,What is 6 * 6 ?
2904,['addition'],"[14, 0]",14,What is 14 + 0 ?
2905,['division'],"[3, 2]",2,What is 3 / 2  (rounded to the nearest integer)?
2906,['division'],"[8, 7]",1,What is 8 / 7  (rounded to the nearest integer)?
2907,['division'],"[10, 8]",1,What is 10 / 8  (rounded to the nearest integer)?
2908,['multiplication'],"[9, 10]",90,What is 9 * 10 ?
2909,['multiplication'],"[2, 8]",16,What is 2 * 8 ?
2910,['division'],"[10, 9]",1,What is 10 / 9  (rounded to the nearest integer)?
2911,['addition'],"[13, 3]",16,What is 13 + 3 ?
2912,['subtraction'],"[14, 14]",0,What is 14 - 14 ?
2913,['subtraction'],"[14, 7]",7,What is 14 - 7 ?
2914,['multiplication'],"[6, 5]",30,What is 6 * 5 ?
2915,['addition'],"[0, 7]",7,What is 0 + 7 ?
2916,['addition'],"[11, 3]",14,What is 11 + 3 ?
2917,['subtraction'],"[2, 11]",-9,What is 2 - 11 ?
2918,['subtraction'],"[3, 14]",-11,What is 3 - 14 ?
2919,['division'],"[6, 1]",6,What is 6 / 1  (rounded to the nearest integer)?
2920,['multiplication'],"[5, 3]",15,What is 5 * 3 ?
2921,['subtraction'],"[7, 1]",6,What is 7 - 1 ?
2922,['multiplication'],"[1, 8]",8,What is 1 * 8 ?
2923,['addition'],"[8, 6]",14,What is 8 + 6 ?
2924,['division'],"[7, 2]",4,What is 7 / 2  (rounded to the nearest integer)?
2925,['division'],"[9, 9]",1,What is 9 / 9  (rounded to the nearest integer)?
2926,['addition'],"[1, 9]",10,What is 1 + 9 ?
2927,['addition'],"[8, 12]",20,What is 8 + 12 ?
2928,['division'],"[6, 6]",1,What is 6 / 6  (rounded to the nearest integer)?
2929,['multiplication'],"[9, 6]",54,What is 9 * 6 ?
2930,['division'],"[8, 2]",4,What is 8 / 2  (rounded to the nearest integer)?
2931,['multiplication'],"[1, 6]",6,What is 1 * 6 ?
2932,['multiplication'],"[4, 2]",8,What is 4 * 2 ?
2933,['subtraction'],"[10, 15]",-5,What is 10 - 15 ?
2934,['multiplication'],"[2, 4]",8,What is 2 * 4 ?
2935,['multiplication'],"[7, 5]",35,What is 7 * 5 ?
2936,['addition'],"[0, 8]",8,What is 0 + 8 ?
2937,['multiplication'],"[4, 4]",16,What is 4 * 4 ?
2938,['division'],"[4, 2]",2,What is 4 / 2  (rounded to the nearest integer)?
2939,['addition'],"[4, 14]",18,What is 4 + 14 ?
2940,['subtraction'],"[4, 14]",-10,What is 4 - 14 ?
2941,['division'],"[6, 4]",2,What is 6 / 4  (rounded to the nearest integer)?
2942,['multiplication'],"[7, 6]",42,What is 7 * 6 ?
2943,['addition'],"[14, 7]",21,What is 14 + 7 ?
2944,['multiplication'],"[9, 10]",90,What is 9 * 10 ?
2945,['multiplication'],"[1, 5]",5,What is 1 * 5 ?
2946,['division'],"[5, 5]",1,What is 5 / 5  (rounded to the nearest integer)?
2947,['addition'],"[12, 8]",20,What is 12 + 8 ?
2948,['multiplication'],"[7, 1]",7,What is 7 * 1 ?
2949,['addition'],"[5, 10]",15,What is 5 + 10 ?
2950,['addition'],"[11, 12]",23,What is 11 + 12 ?
2951,['subtraction'],"[9, 12]",-3,What is 9 - 12 ?
2952,['subtraction'],"[1, 9]",-8,What is 1 - 9 ?
2953,['addition'],"[9, 1]",10,What is 9 + 1 ?
2954,['subtraction'],"[13, 1]",12,What is 13 - 1 ?
2955,['multiplication'],"[9, 8]",72,What is 9 * 8 ?
2956,['addition'],"[11, 11]",22,What is 11 + 11 ?
2957,['addition'],"[10, 7]",17,What is 10 + 7 ?
2958,['subtraction'],"[14, 7]",7,What is 14 - 7 ?
2959,['addition'],"[12, 4]",16,What is 12 + 4 ?
2960,['addition'],"[2, 13]",15,What is 2 + 13 ?
2961,['multiplication'],"[5, 5]",25,What is 5 * 5 ?
2962,['subtraction'],"[6, 5]",1,What is 6 - 5 ?
2963,['multiplication'],"[3, 6]",18,What is 3 * 6 ?
2964,['multiplication'],"[9, 5]",45,What is 9 * 5 ?
2965,['addition'],"[9, 7]",16,What is 9 + 7 ?
2966,['addition'],"[4, 11]",15,What is 4 + 11 ?
2967,['subtraction'],"[14, 10]",4,What is 14 - 10 ?
2968,['addition'],"[8, 11]",19,What is 8 + 11 ?
2969,['addition'],"[10, 1]",11,What is 10 + 1 ?
2970,['subtraction'],"[1, 11]",-10,What is 1 - 11 ?
2971,['addition'],"[9, 14]",23,What is 9 + 14 ?
2972,['addition'],"[11, 2]",13,What is 11 + 2 ?
2973,['subtraction'],"[11, 13]",-2,What is 11 - 13 ?
2974,['division'],"[6, 5]",1,What is 6 / 5  (rounded to the nearest integer)?
2975,['multiplication'],"[10, 3]",30,What is 10 * 3 ?
2976,['division'],"[9, 5]",2,What is 9 / 5  (rounded to the nearest integer)?
2977,['subtraction'],"[14, 7]",7,What is 14 - 7 ?
2978,['division'],"[10, 2]",5,What is 10 / 2  (rounded to the nearest integer)?
2979,['addition'],"[4, 9]",13,What is 4 + 9 ?
2980,['multiplication'],"[10, 5]",50,What is 10 * 5 ?
2981,['division'],"[7, 5]",1,What is 7 / 5  (rounded to the nearest integer)?
2982,['addition'],"[1, 3]",4,What is 1 + 3 ?
2983,['addition'],"[6, 4]",10,What is 6 + 4 ?
2984,['division'],"[5, 4]",1,What is 5 / 4  (rounded to the nearest integer)?
2985,['multiplication'],"[2, 10]",20,What is 2 * 10 ?
2986,['subtraction'],"[11, 2]",9,What is 11 - 2 ?
2987,['subtraction'],"[11, 10]",1,What is 11 - 10 ?
2988,['multiplication'],"[10, 1]",10,What is 10 * 1 ?
2989,['subtraction'],"[10, 8]",2,What is 10 - 8 ?
2990,['multiplication'],"[8, 1]",8,What is 8 * 1 ?
2991,['multiplication'],"[5, 1]",5,What is 5 * 1 ?
2992,['addition'],"[6, 15]",21,What is 6 + 15 ?
2993,['division'],"[5, 2]",2,What is 5 / 2  (rounded to the nearest integer)?
2994,['subtraction'],"[4, 10]",-6,What is 4 - 10 ?
2995,['division'],"[5, 5]",1,What is 5 / 5  (rounded to the nearest integer)?
2996,['division'],"[8, 7]",1,What is 8 / 7  (rounded to the nearest integer)?
2997,['multiplication'],"[2, 8]",16,What is 2 * 8 ?
2998,['addition'],"[10, 15]",25,What is 10 + 15 ?
2999,['division'],"[9, 9]",1,What is 9 / 9  (rounded to the nearest integer)?
3000,['addition'],"[1, 12]",13,What is 1 + 12 ?
3001,['addition'],"[10, 14]",24,What is 10 + 14 ?
3002,['addition'],"[6, 5]",11,What is 6 + 5 ?
3003,['division'],"[2, 2]",1,What is 2 / 2  (rounded to the nearest integer)?
3004,['division'],"[9, 5]",2,What is 9 / 5  (rounded to the nearest integer)?
3005,['division'],"[8, 5]",2,What is 8 / 5  (rounded to the nearest integer)?
3006,['division'],"[1, 1]",1,What is 1 / 1  (rounded to the nearest integer)?
3007,['subtraction'],"[1, 12]",-11,What is 1 - 12 ?
3008,['subtraction'],"[11, 6]",5,What is 11 - 6 ?
3009,['division'],"[2, 1]",2,What is 2 / 1  (rounded to the nearest integer)?
3010,['division'],"[8, 3]",3,What is 8 / 3  (rounded to the nearest integer)?
3011,['subtraction'],"[3, 6]",-3,What is 3 - 6 ?
3012,['multiplication'],"[1, 5]",5,What is 1 * 5 ?
3013,['multiplication'],"[6, 1]",6,What is 6 * 1 ?
3014,['multiplication'],"[9, 9]",81,What is 9 * 9 ?
3015,['multiplication'],"[10, 10]",100,What is 10 * 10 ?
3016,['subtraction'],"[11, 2]",9,What is 11 - 2 ?
3017,['multiplication'],"[5, 7]",35,What is 5 * 7 ?
3018,['addition'],"[11, 3]",14,What is 11 + 3 ?
3019,['multiplication'],"[1, 6]",6,What is 1 * 6 ?
3020,['addition'],"[6, 4]",10,What is 6 + 4 ?
3021,['addition'],"[9, 12]",21,What is 9 + 12 ?
3022,['division'],"[10, 9]",1,What is 10 / 9  (rounded to the nearest integer)?
3023,['subtraction'],"[8, 1]",7,What is 8 - 1 ?
3024,['division'],"[9, 3]",3,What is 9 / 3  (rounded to the nearest integer)?
3025,['addition'],"[15, 15]",30,What is 15 + 15 ?
3026,['multiplication'],"[7, 1]",7,What is 7 * 1 ?
3027,['subtraction'],"[8, 14]",-6,What is 8 - 14 ?
3028,['division'],"[8, 4]",2,What is 8 / 4  (rounded to the nearest integer)?
3029,['division'],"[10, 7]",1,What is 10 / 7  (rounded to the nearest integer)?
3030,['addition'],"[2, 15]",17,What is 2 + 15 ?
3031,['division'],"[10, 8]",1,What is 10 / 8  (rounded to the nearest integer)?
3032,['multiplication'],"[2, 6]",12,What is 2 * 6 ?
3033,['multiplication'],"[10, 1]",10,What is 10 * 1 ?
3034,['addition'],"[14, 7]",21,What is 14 + 7 ?
3035,['multiplication'],"[9, 9]",81,What is 9 * 9 ?
3036,['division'],"[7, 4]",2,What is 7 / 4  (rounded to the nearest integer)?
3037,['multiplication'],"[1, 6]",6,What is 1 * 6 ?
3038,['multiplication'],"[2, 9]",18,What is 2 * 9 ?
3039,['subtraction'],"[5, 0]",5,What is 5 - 0 ?
3040,['addition'],"[0, 8]",8,What is 0 + 8 ?
3041,['subtraction'],"[11, 0]",11,What is 11 - 0 ?
3042,['multiplication'],"[6, 9]",54,What is 6 * 9 ?
3043,['addition'],"[2, 10]",12,What is 2 + 10 ?
3044,['multiplication'],"[9, 10]",90,What is 9 * 10 ?
3045,['multiplication'],"[1, 4]",4,What is 1 * 4 ?
3046,['multiplication'],"[2, 5]",10,What is 2 * 5 ?
3047,['addition'],"[12, 11]",23,What is 12 + 11 ?
3048,['multiplication'],"[9, 6]",54,What is 9 * 6 ?
3049,['division'],"[5, 5]",1,What is 5 / 5  (rounded to the nearest integer)?
3050,['subtraction'],"[11, 3]",8,What is 11 - 3 ?
3051,['subtraction'],"[15, 14]",1,What is 15 - 14 ?
3052,['multiplication'],"[5, 4]",20,What is 5 * 4 ?
3053,['subtraction'],"[8, 12]",-4,What is 8 - 12 ?
3054,['multiplication'],"[7, 8]",56,What is 7 * 8 ?
3055,['multiplication'],"[6, 1]",6,What is 6 * 1 ?
3056,['subtraction'],"[8, 3]",5,What is 8 - 3 ?
3057,['addition'],"[1, 8]",9,What is 1 + 8 ?
3058,['subtraction'],"[1, 10]",-9,What is 1 - 10 ?
3059,['division'],"[5, 4]",1,What is 5 / 4  (rounded to the nearest integer)?
3060,['multiplication'],"[6, 6]",36,What is 6 * 6 ?
3061,['division'],"[10, 5]",2,What is 10 / 5  (rounded to the nearest integer)?
3062,['multiplication'],"[4, 8]",32,What is 4 * 8 ?
3063,['subtraction'],"[13, 0]",13,What is 13 - 0 ?
3064,['addition'],"[13, 8]",21,What is 13 + 8 ?
3065,['division'],"[10, 7]",1,What is 10 / 7  (rounded to the nearest integer)?
3066,['addition'],"[7, 9]",16,What is 7 + 9 ?
3067,['subtraction'],"[5, 11]",-6,What is 5 - 11 ?
3068,['division'],"[8, 4]",2,What is 8 / 4  (rounded to the nearest integer)?
3069,['subtraction'],"[15, 10]",5,What is 15 - 10 ?
3070,['multiplication'],"[1, 7]",7,What is 1 * 7 ?
3071,['addition'],"[13, 10]",23,What is 13 + 10 ?
3072,['subtraction'],"[8, 4]",4,What is 8 - 4 ?
3073,['multiplication'],"[6, 6]",36,What is 6 * 6 ?
3074,['division'],"[6, 5]",1,What is 6 / 5  (rounded to the nearest integer)?
3075,['addition'],"[13, 13]",26,What is 13 + 13 ?
3076,['division'],"[8, 3]",3,What is 8 / 3  (rounded to the nearest integer)?
3077,['addition'],"[6, 12]",18,What is 6 + 12 ?
3078,['division'],"[10, 7]",1,What is 10 / 7  (rounded to the nearest integer)?
3079,['division'],"[2, 1]",2,What is 2 / 1  (rounded to the nearest integer)?
3080,['multiplication'],"[1, 6]",6,What is 1 * 6 ?
3081,['division'],"[10, 4]",2,What is 10 / 4  (rounded to the nearest integer)?
3082,['addition'],"[8, 5]",13,What is 8 + 5 ?
3083,['division'],"[10, 9]",1,What is 10 / 9  (rounded to the nearest integer)?
3084,['addition'],"[12, 0]",12,What is 12 + 0 ?
3085,['subtraction'],"[8, 7]",1,What is 8 - 7 ?
3086,['division'],"[7, 4]",2,What is 7 / 4  (rounded to the nearest integer)?
3087,['subtraction'],"[8, 13]",-5,What is 8 - 13 ?
3088,['multiplication'],"[4, 8]",32,What is 4 * 8 ?
3089,['division'],"[9, 4]",2,What is 9 / 4  (rounded to the nearest integer)?
3090,['subtraction'],"[6, 3]",3,What is 6 - 3 ?
3091,['multiplication'],"[9, 7]",63,What is 9 * 7 ?
3092,['addition'],"[13, 10]",23,What is 13 + 10 ?
3093,['multiplication'],"[3, 7]",21,What is 3 * 7 ?
3094,['addition'],"[10, 1]",11,What is 10 + 1 ?
3095,['subtraction'],"[11, 3]",8,What is 11 - 3 ?
3096,['multiplication'],"[3, 10]",30,What is 3 * 10 ?
3097,['multiplication'],"[3, 7]",21,What is 3 * 7 ?
3098,['multiplication'],"[1, 7]",7,What is 1 * 7 ?
3099,['subtraction'],"[3, 9]",-6,What is 3 - 9 ?
3100,['subtraction'],"[12, 14]",-2,What is 12 - 14 ?
3101,['addition'],"[15, 1]",16,What is 15 + 1 ?
3102,['subtraction'],"[1, 15]",-14,What is 1 - 15 ?
3103,['division'],"[7, 5]",1,What is 7 / 5  (rounded to the nearest integer)?
3104,['division'],"[5, 4]",1,What is 5 / 4  (rounded to the nearest integer)?
3105,['subtraction'],"[15, 10]",5,What is 15 - 10 ?
3106,['subtraction'],"[9, 3]",6,What is 9 - 3 ?
3107,['subtraction'],"[3, 10]",-7,What is 3 - 10 ?
3108,['subtraction'],"[7, 1]",6,What is 7 - 1 ?
3109,['addition'],"[4, 14]",18,What is 4 + 14 ?
3110,['subtraction'],"[6, 6]",0,What is 6 - 6 ?
3111,['subtraction'],"[5, 11]",-6,What is 5 - 11 ?
3112,['addition'],"[9, 7]",16,What is 9 + 7 ?
3113,['subtraction'],"[14, 2]",12,What is 14 - 2 ?
3114,['multiplication'],"[6, 5]",30,What is 6 * 5 ?
3115,['multiplication'],"[3, 5]",15,What is 3 * 5 ?
3116,['multiplication'],"[3, 10]",30,What is 3 * 10 ?
3117,['addition'],"[15, 12]",27,What is 15 + 12 ?
3118,['multiplication'],"[2, 3]",6,What is 2 * 3 ?
3119,['subtraction'],"[9, 8]",1,What is 9 - 8 ?
3120,['subtraction'],"[6, 8]",-2,What is 6 - 8 ?
3121,['subtraction'],"[11, 6]",5,What is 11 - 6 ?
3122,['subtraction'],"[10, 0]",10,What is 10 - 0 ?
3123,['division'],"[7, 1]",7,What is 7 / 1  (rounded to the nearest integer)?
3124,['division'],"[9, 1]",9,What is 9 / 1  (rounded to the nearest integer)?
3125,['multiplication'],"[3, 6]",18,What is 3 * 6 ?
3126,['multiplication'],"[8, 9]",72,What is 8 * 9 ?
3127,['multiplication'],"[5, 6]",30,What is 5 * 6 ?
3128,['subtraction'],"[5, 12]",-7,What is 5 - 12 ?
3129,['subtraction'],"[10, 14]",-4,What is 10 - 14 ?
3130,['subtraction'],"[3, 12]",-9,What is 3 - 12 ?
3131,['multiplication'],"[2, 3]",6,What is 2 * 3 ?
3132,['subtraction'],"[14, 9]",5,What is 14 - 9 ?
3133,['multiplication'],"[1, 8]",8,What is 1 * 8 ?
3134,['subtraction'],"[6, 14]",-8,What is 6 - 14 ?
3135,['division'],"[7, 3]",2,What is 7 / 3  (rounded to the nearest integer)?
3136,['division'],"[4, 3]",1,What is 4 / 3  (rounded to the nearest integer)?
3137,['subtraction'],"[1, 12]",-11,What is 1 - 12 ?
3138,['subtraction'],"[5, 6]",-1,What is 5 - 6 ?
3139,['multiplication'],"[7, 6]",42,What is 7 * 6 ?
3140,['division'],"[8, 4]",2,What is 8 / 4  (rounded to the nearest integer)?
3141,['multiplication'],"[3, 9]",27,What is 3 * 9 ?
3142,['multiplication'],"[8, 4]",32,What is 8 * 4 ?
3143,['addition'],"[10, 5]",15,What is 10 + 5 ?
3144,['addition'],"[9, 0]",9,What is 9 + 0 ?
3145,['division'],"[7, 6]",1,What is 7 / 6  (rounded to the nearest integer)?
3146,['addition'],"[1, 14]",15,What is 1 + 14 ?
3147,['division'],"[6, 2]",3,What is 6 / 2  (rounded to the nearest integer)?
3148,['subtraction'],"[12, 8]",4,What is 12 - 8 ?
3149,['addition'],"[13, 8]",21,What is 13 + 8 ?
3150,['subtraction'],"[10, 8]",2,What is 10 - 8 ?
3151,['subtraction'],"[1, 1]",0,What is 1 - 1 ?
3152,['division'],"[8, 4]",2,What is 8 / 4  (rounded to the nearest integer)?
3153,['division'],"[8, 7]",1,What is 8 / 7  (rounded to the nearest integer)?
3154,['multiplication'],"[6, 2]",12,What is 6 * 2 ?
3155,['multiplication'],"[2, 10]",20,What is 2 * 10 ?
3156,['multiplication'],"[1, 2]",2,What is 1 * 2 ?
3157,['division'],"[9, 3]",3,What is 9 / 3  (rounded to the nearest integer)?
3158,['addition'],"[6, 14]",20,What is 6 + 14 ?
3159,['addition'],"[13, 14]",27,What is 13 + 14 ?
3160,['multiplication'],"[5, 10]",50,What is 5 * 10 ?
3161,['division'],"[7, 7]",1,What is 7 / 7  (rounded to the nearest integer)?
3162,['multiplication'],"[8, 6]",48,What is 8 * 6 ?
3163,['addition'],"[11, 7]",18,What is 11 + 7 ?
3164,['subtraction'],"[7, 13]",-6,What is 7 - 13 ?
3165,['division'],"[8, 2]",4,What is 8 / 2  (rounded to the nearest integer)?
3166,['addition'],"[4, 10]",14,What is 4 + 10 ?
3167,['division'],"[7, 7]",1,What is 7 / 7  (rounded to the nearest integer)?
3168,['addition'],"[0, 2]",2,What is 0 + 2 ?
3169,['multiplication'],"[2, 9]",18,What is 2 * 9 ?
3170,['multiplication'],"[4, 1]",4,What is 4 * 1 ?
3171,['multiplication'],"[9, 8]",72,What is 9 * 8 ?
3172,['multiplication'],"[5, 1]",5,What is 5 * 1 ?
3173,['multiplication'],"[10, 3]",30,What is 10 * 3 ?
3174,['division'],"[8, 2]",4,What is 8 / 2  (rounded to the nearest integer)?
3175,['subtraction'],"[10, 7]",3,What is 10 - 7 ?
3176,['division'],"[10, 1]",10,What is 10 / 1  (rounded to the nearest integer)?
3177,['multiplication'],"[1, 3]",3,What is 1 * 3 ?
3178,['subtraction'],"[11, 9]",2,What is 11 - 9 ?
3179,['multiplication'],"[9, 4]",36,What is 9 * 4 ?
3180,['division'],"[4, 4]",1,What is 4 / 4  (rounded to the nearest integer)?
3181,['subtraction'],"[1, 2]",-1,What is 1 - 2 ?
3182,['division'],"[9, 5]",2,What is 9 / 5  (rounded to the nearest integer)?
3183,['multiplication'],"[8, 10]",80,What is 8 * 10 ?
3184,['subtraction'],"[5, 8]",-3,What is 5 - 8 ?
3185,['multiplication'],"[1, 1]",1,What is 1 * 1 ?
3186,['division'],"[10, 5]",2,What is 10 / 5  (rounded to the nearest integer)?
3187,['subtraction'],"[0, 7]",-7,What is 0 - 7 ?
3188,['division'],"[8, 5]",2,What is 8 / 5  (rounded to the nearest integer)?
3189,['addition'],"[14, 5]",19,What is 14 + 5 ?
3190,['addition'],"[5, 6]",11,What is 5 + 6 ?
3191,['multiplication'],"[5, 10]",50,What is 5 * 10 ?
3192,['division'],"[9, 9]",1,What is 9 / 9  (rounded to the nearest integer)?
3193,['division'],"[4, 1]",4,What is 4 / 1  (rounded to the nearest integer)?
3194,['addition'],"[8, 11]",19,What is 8 + 11 ?
3195,['division'],"[4, 2]",2,What is 4 / 2  (rounded to the nearest integer)?
3196,['division'],"[5, 3]",2,What is 5 / 3  (rounded to the nearest integer)?
3197,['division'],"[10, 3]",3,What is 10 / 3  (rounded to the nearest integer)?
3198,['addition'],"[12, 1]",13,What is 12 + 1 ?
3199,['division'],"[9, 3]",3,What is 9 / 3  (rounded to the nearest integer)?
3200,['division'],"[7, 3]",2,What is 7 / 3  (rounded to the nearest integer)?
3201,['multiplication'],"[2, 7]",14,What is 2 * 7 ?
3202,['subtraction'],"[9, 7]",2,What is 9 - 7 ?
3203,['subtraction'],"[6, 11]",-5,What is 6 - 11 ?
3204,['subtraction'],"[8, 13]",-5,What is 8 - 13 ?
3205,['addition'],"[6, 9]",15,What is 6 + 9 ?
3206,['subtraction'],"[13, 15]",-2,What is 13 - 15 ?
3207,['addition'],"[13, 2]",15,What is 13 + 2 ?
3208,['division'],"[9, 3]",3,What is 9 / 3  (rounded to the nearest integer)?
3209,['subtraction'],"[15, 13]",2,What is 15 - 13 ?
3210,['addition'],"[12, 6]",18,What is 12 + 6 ?
3211,['addition'],"[12, 3]",15,What is 12 + 3 ?
3212,['division'],"[7, 3]",2,What is 7 / 3  (rounded to the nearest integer)?
3213,['division'],"[7, 1]",7,What is 7 / 1  (rounded to the nearest integer)?
3214,['multiplication'],"[6, 5]",30,What is 6 * 5 ?
3215,['division'],"[6, 1]",6,What is 6 / 1  (rounded to the nearest integer)?
3216,['multiplication'],"[2, 2]",4,What is 2 * 2 ?
3217,['division'],"[9, 5]",2,What is 9 / 5  (rounded to the nearest integer)?
3218,['multiplication'],"[4, 8]",32,What is 4 * 8 ?
3219,['addition'],"[1, 3]",4,What is 1 + 3 ?
3220,['subtraction'],"[14, 10]",4,What is 14 - 10 ?
3221,['addition'],"[11, 6]",17,What is 11 + 6 ?
3222,['subtraction'],"[2, 14]",-12,What is 2 - 14 ?
3223,['subtraction'],"[9, 8]",1,What is 9 - 8 ?
3224,['addition'],"[11, 11]",22,What is 11 + 11 ?
3225,['multiplication'],"[4, 6]",24,What is 4 * 6 ?
3226,['division'],"[7, 1]",7,What is 7 / 1  (rounded to the nearest integer)?
3227,['subtraction'],"[2, 8]",-6,What is 2 - 8 ?
3228,['subtraction'],"[1, 15]",-14,What is 1 - 15 ?
3229,['subtraction'],"[15, 1]",14,What is 15 - 1 ?
3230,['addition'],"[13, 5]",18,What is 13 + 5 ?
3231,['multiplication'],"[4, 2]",8,What is 4 * 2 ?
3232,['subtraction'],"[6, 2]",4,What is 6 - 2 ?
3233,['subtraction'],"[5, 3]",2,What is 5 - 3 ?
3234,['subtraction'],"[9, 13]",-4,What is 9 - 13 ?
3235,['addition'],"[5, 10]",15,What is 5 + 10 ?
3236,['addition'],"[3, 15]",18,What is 3 + 15 ?
3237,['addition'],"[3, 14]",17,What is 3 + 14 ?
3238,['subtraction'],"[3, 3]",0,What is 3 - 3 ?
3239,['division'],"[9, 5]",2,What is 9 / 5  (rounded to the nearest integer)?
3240,['multiplication'],"[6, 5]",30,What is 6 * 5 ?
3241,['division'],"[8, 1]",8,What is 8 / 1  (rounded to the nearest integer)?
3242,['addition'],"[13, 1]",14,What is 13 + 1 ?
3243,['addition'],"[13, 0]",13,What is 13 + 0 ?
3244,['subtraction'],"[0, 6]",-6,What is 0 - 6 ?
3245,['subtraction'],"[1, 15]",-14,What is 1 - 15 ?
3246,['subtraction'],"[10, 9]",1,What is 10 - 9 ?
3247,['subtraction'],"[12, 9]",3,What is 12 - 9 ?
3248,['multiplication'],"[8, 6]",48,What is 8 * 6 ?
3249,['addition'],"[10, 0]",10,What is 10 + 0 ?
3250,['addition'],"[10, 4]",14,What is 10 + 4 ?
3251,['division'],"[8, 5]",2,What is 8 / 5  (rounded to the nearest integer)?
3252,['addition'],"[11, 4]",15,What is 11 + 4 ?
3253,['division'],"[10, 4]",2,What is 10 / 4  (rounded to the nearest integer)?
3254,['subtraction'],"[5, 8]",-3,What is 5 - 8 ?
3255,['multiplication'],"[6, 10]",60,What is 6 * 10 ?
3256,['multiplication'],"[1, 5]",5,What is 1 * 5 ?
3257,['multiplication'],"[2, 1]",2,What is 2 * 1 ?
3258,['multiplication'],"[1, 10]",10,What is 1 * 10 ?
3259,['addition'],"[4, 3]",7,What is 4 + 3 ?
3260,['subtraction'],"[1, 5]",-4,What is 1 - 5 ?
3261,['division'],"[9, 6]",2,What is 9 / 6  (rounded to the nearest integer)?
3262,['addition'],"[4, 14]",18,What is 4 + 14 ?
3263,['division'],"[7, 7]",1,What is 7 / 7  (rounded to the nearest integer)?
3264,['addition'],"[3, 11]",14,What is 3 + 11 ?
3265,['subtraction'],"[14, 6]",8,What is 14 - 6 ?
3266,['subtraction'],"[12, 10]",2,What is 12 - 10 ?
3267,['addition'],"[11, 0]",11,What is 11 + 0 ?
3268,['addition'],"[11, 4]",15,What is 11 + 4 ?
3269,['subtraction'],"[0, 15]",-15,What is 0 - 15 ?
3270,['addition'],"[8, 7]",15,What is 8 + 7 ?
3271,['addition'],"[10, 13]",23,What is 10 + 13 ?
3272,['addition'],"[14, 1]",15,What is 14 + 1 ?
3273,['division'],"[5, 1]",5,What is 5 / 1  (rounded to the nearest integer)?
3274,['multiplication'],"[10, 5]",50,What is 10 * 5 ?
3275,['division'],"[4, 2]",2,What is 4 / 2  (rounded to the nearest integer)?
3276,['subtraction'],"[13, 3]",10,What is 13 - 3 ?
3277,['division'],"[7, 5]",1,What is 7 / 5  (rounded to the nearest integer)?
3278,['subtraction'],"[0, 12]",-12,What is 0 - 12 ?
3279,['division'],"[8, 1]",8,What is 8 / 1  (rounded to the nearest integer)?
3280,['division'],"[2, 1]",2,What is 2 / 1  (rounded to the nearest integer)?
3281,['subtraction'],"[3, 6]",-3,What is 3 - 6 ?
3282,['addition'],"[0, 14]",14,What is 0 + 14 ?
3283,['division'],"[9, 8]",1,What is 9 / 8  (rounded to the nearest integer)?
3284,['subtraction'],"[6, 13]",-7,What is 6 - 13 ?
3285,['subtraction'],"[3, 4]",-1,What is 3 - 4 ?
3286,['addition'],"[14, 13]",27,What is 14 + 13 ?
3287,['subtraction'],"[4, 7]",-3,What is 4 - 7 ?
3288,['multiplication'],"[2, 5]",10,What is 2 * 5 ?
3289,['addition'],"[9, 10]",19,What is 9 + 10 ?
3290,['addition'],"[12, 15]",27,What is 12 + 15 ?
3291,['division'],"[4, 1]",4,What is 4 / 1  (rounded to the nearest integer)?
3292,['multiplication'],"[5, 8]",40,What is 5 * 8 ?
3293,['subtraction'],"[12, 3]",9,What is 12 - 3 ?
3294,['multiplication'],"[10, 8]",80,What is 10 * 8 ?
3295,['division'],"[3, 3]",1,What is 3 / 3  (rounded to the nearest integer)?
3296,['addition'],"[15, 0]",15,What is 15 + 0 ?
3297,['multiplication'],"[5, 9]",45,What is 5 * 9 ?
3298,['subtraction'],"[12, 10]",2,What is 12 - 10 ?
3299,['multiplication'],"[4, 5]",20,What is 4 * 5 ?
3300,['subtraction'],"[8, 9]",-1,What is 8 - 9 ?
3301,['addition'],"[1, 3]",4,What is 1 + 3 ?
3302,['division'],"[8, 6]",1,What is 8 / 6  (rounded to the nearest integer)?
3303,['subtraction'],"[9, 6]",3,What is 9 - 6 ?
3304,['division'],"[9, 1]",9,What is 9 / 1  (rounded to the nearest integer)?
3305,['multiplication'],"[9, 5]",45,What is 9 * 5 ?
3306,['addition'],"[9, 7]",16,What is 9 + 7 ?
3307,['division'],"[4, 3]",1,What is 4 / 3  (rounded to the nearest integer)?
3308,['division'],"[8, 1]",8,What is 8 / 1  (rounded to the nearest integer)?
3309,['multiplication'],"[3, 5]",15,What is 3 * 5 ?
3310,['division'],"[7, 5]",1,What is 7 / 5  (rounded to the nearest integer)?
3311,['multiplication'],"[4, 4]",16,What is 4 * 4 ?
3312,['subtraction'],"[13, 1]",12,What is 13 - 1 ?
3313,['subtraction'],"[12, 3]",9,What is 12 - 3 ?
3314,['addition'],"[11, 12]",23,What is 11 + 12 ?
3315,['addition'],"[1, 9]",10,What is 1 + 9 ?
3316,['subtraction'],"[6, 14]",-8,What is 6 - 14 ?
3317,['multiplication'],"[1, 7]",7,What is 1 * 7 ?
3318,['multiplication'],"[1, 1]",1,What is 1 * 1 ?
3319,['division'],"[8, 5]",2,What is 8 / 5  (rounded to the nearest integer)?
3320,['subtraction'],"[13, 8]",5,What is 13 - 8 ?
3321,['multiplication'],"[1, 8]",8,What is 1 * 8 ?
3322,['multiplication'],"[3, 3]",9,What is 3 * 3 ?
3323,['subtraction'],"[11, 11]",0,What is 11 - 11 ?
3324,['division'],"[3, 3]",1,What is 3 / 3  (rounded to the nearest integer)?
3325,['subtraction'],"[3, 7]",-4,What is 3 - 7 ?
3326,['subtraction'],"[4, 9]",-5,What is 4 - 9 ?
3327,['division'],"[6, 1]",6,What is 6 / 1  (rounded to the nearest integer)?
3328,['division'],"[8, 6]",1,What is 8 / 6  (rounded to the nearest integer)?
3329,['division'],"[5, 3]",2,What is 5 / 3  (rounded to the nearest integer)?
3330,['addition'],"[0, 12]",12,What is 0 + 12 ?
3331,['multiplication'],"[1, 4]",4,What is 1 * 4 ?
3332,['division'],"[5, 4]",1,What is 5 / 4  (rounded to the nearest integer)?
3333,['subtraction'],"[12, 4]",8,What is 12 - 4 ?
3334,['addition'],"[4, 7]",11,What is 4 + 7 ?
3335,['multiplication'],"[6, 2]",12,What is 6 * 2 ?
3336,['subtraction'],"[7, 14]",-7,What is 7 - 14 ?
3337,['division'],"[10, 3]",3,What is 10 / 3  (rounded to the nearest integer)?
3338,['multiplication'],"[8, 2]",16,What is 8 * 2 ?
3339,['subtraction'],"[14, 4]",10,What is 14 - 4 ?
3340,['subtraction'],"[9, 5]",4,What is 9 - 5 ?
3341,['multiplication'],"[7, 5]",35,What is 7 * 5 ?
3342,['addition'],"[5, 11]",16,What is 5 + 11 ?
3343,['multiplication'],"[6, 10]",60,What is 6 * 10 ?
3344,['division'],"[10, 2]",5,What is 10 / 2  (rounded to the nearest integer)?
3345,['subtraction'],"[6, 3]",3,What is 6 - 3 ?
3346,['subtraction'],"[14, 9]",5,What is 14 - 9 ?
3347,['multiplication'],"[9, 1]",9,What is 9 * 1 ?
3348,['division'],"[9, 1]",9,What is 9 / 1  (rounded to the nearest integer)?
3349,['subtraction'],"[15, 13]",2,What is 15 - 13 ?
3350,['subtraction'],"[2, 13]",-11,What is 2 - 13 ?
3351,['subtraction'],"[0, 8]",-8,What is 0 - 8 ?
3352,['multiplication'],"[3, 5]",15,What is 3 * 5 ?
3353,['multiplication'],"[2, 3]",6,What is 2 * 3 ?
3354,['multiplication'],"[5, 2]",10,What is 5 * 2 ?
3355,['multiplication'],"[7, 6]",42,What is 7 * 6 ?
3356,['multiplication'],"[9, 9]",81,What is 9 * 9 ?
3357,['division'],"[5, 2]",2,What is 5 / 2  (rounded to the nearest integer)?
3358,['subtraction'],"[3, 4]",-1,What is 3 - 4 ?
3359,['subtraction'],"[1, 13]",-12,What is 1 - 13 ?
3360,['division'],"[5, 5]",1,What is 5 / 5  (rounded to the nearest integer)?
3361,['addition'],"[8, 13]",21,What is 8 + 13 ?
3362,['division'],"[9, 4]",2,What is 9 / 4  (rounded to the nearest integer)?
3363,['division'],"[2, 1]",2,What is 2 / 1  (rounded to the nearest integer)?
3364,['multiplication'],"[8, 3]",24,What is 8 * 3 ?
3365,['addition'],"[9, 12]",21,What is 9 + 12 ?
3366,['subtraction'],"[6, 5]",1,What is 6 - 5 ?
3367,['multiplication'],"[1, 3]",3,What is 1 * 3 ?
3368,['subtraction'],"[8, 6]",2,What is 8 - 6 ?
3369,['division'],"[8, 2]",4,What is 8 / 2  (rounded to the nearest integer)?
3370,['multiplication'],"[8, 9]",72,What is 8 * 9 ?
3371,['subtraction'],"[10, 8]",2,What is 10 - 8 ?
3372,['subtraction'],"[7, 2]",5,What is 7 - 2 ?
3373,['addition'],"[4, 7]",11,What is 4 + 7 ?
3374,['multiplication'],"[10, 9]",90,What is 10 * 9 ?
3375,['subtraction'],"[15, 15]",0,What is 15 - 15 ?
3376,['subtraction'],"[12, 15]",-3,What is 12 - 15 ?
3377,['multiplication'],"[1, 8]",8,What is 1 * 8 ?
3378,['multiplication'],"[10, 6]",60,What is 10 * 6 ?
3379,['subtraction'],"[5, 8]",-3,What is 5 - 8 ?
3380,['subtraction'],"[15, 4]",11,What is 15 - 4 ?
3381,['multiplication'],"[4, 2]",8,What is 4 * 2 ?
3382,['addition'],"[14, 0]",14,What is 14 + 0 ?
3383,['addition'],"[1, 11]",12,What is 1 + 11 ?
3384,['multiplication'],"[1, 1]",1,What is 1 * 1 ?
3385,['division'],"[8, 6]",1,What is 8 / 6  (rounded to the nearest integer)?
3386,['multiplication'],"[1, 3]",3,What is 1 * 3 ?
3387,['division'],"[10, 8]",1,What is 10 / 8  (rounded to the nearest integer)?
3388,['addition'],"[1, 6]",7,What is 1 + 6 ?
3389,['division'],"[9, 2]",4,What is 9 / 2  (rounded to the nearest integer)?
3390,['multiplication'],"[8, 6]",48,What is 8 * 6 ?
3391,['division'],"[7, 1]",7,What is 7 / 1  (rounded to the nearest integer)?
3392,['subtraction'],"[12, 2]",10,What is 12 - 2 ?
3393,['multiplication'],"[10, 4]",40,What is 10 * 4 ?
3394,['division'],"[9, 3]",3,What is 9 / 3  (rounded to the nearest integer)?
3395,['multiplication'],"[9, 5]",45,What is 9 * 5 ?
3396,['subtraction'],"[15, 0]",15,What is 15 - 0 ?
3397,['subtraction'],"[3, 7]",-4,What is 3 - 7 ?
3398,['addition'],"[2, 13]",15,What is 2 + 13 ?
3399,['addition'],"[1, 9]",10,What is 1 + 9 ?
3400,['division'],"[4, 2]",2,What is 4 / 2  (rounded to the nearest integer)?
3401,['division'],"[8, 2]",4,What is 8 / 2  (rounded to the nearest integer)?
3402,['addition'],"[14, 1]",15,What is 14 + 1 ?
3403,['division'],"[7, 4]",2,What is 7 / 4  (rounded to the nearest integer)?
3404,['subtraction'],"[12, 4]",8,What is 12 - 4 ?
3405,['addition'],"[9, 6]",15,What is 9 + 6 ?
3406,['addition'],"[3, 8]",11,What is 3 + 8 ?
3407,['division'],"[5, 1]",5,What is 5 / 1  (rounded to the nearest integer)?
3408,['addition'],"[10, 1]",11,What is 10 + 1 ?
3409,['multiplication'],"[3, 1]",3,What is 3 * 1 ?
3410,['subtraction'],"[13, 9]",4,What is 13 - 9 ?
3411,['multiplication'],"[8, 6]",48,What is 8 * 6 ?
3412,['subtraction'],"[14, 15]",-1,What is 14 - 15 ?
3413,['subtraction'],"[10, 5]",5,What is 10 - 5 ?
3414,['addition'],"[15, 2]",17,What is 15 + 2 ?
3415,['addition'],"[6, 14]",20,What is 6 + 14 ?
3416,['addition'],"[12, 10]",22,What is 12 + 10 ?
3417,['multiplication'],"[9, 9]",81,What is 9 * 9 ?
3418,['division'],"[10, 1]",10,What is 10 / 1  (rounded to the nearest integer)?
3419,['division'],"[6, 2]",3,What is 6 / 2  (rounded to the nearest integer)?
3420,['multiplication'],"[1, 9]",9,What is 1 * 9 ?
3421,['multiplication'],"[2, 5]",10,What is 2 * 5 ?
3422,['subtraction'],"[8, 2]",6,What is 8 - 2 ?
3423,['addition'],"[4, 5]",9,What is 4 + 5 ?
3424,['division'],"[6, 4]",2,What is 6 / 4  (rounded to the nearest integer)?
3425,['addition'],"[3, 12]",15,What is 3 + 12 ?
3426,['addition'],"[6, 11]",17,What is 6 + 11 ?
3427,['addition'],"[4, 15]",19,What is 4 + 15 ?
3428,['addition'],"[15, 7]",22,What is 15 + 7 ?
3429,['addition'],"[10, 11]",21,What is 10 + 11 ?
3430,['multiplication'],"[7, 5]",35,What is 7 * 5 ?
3431,['addition'],"[1, 15]",16,What is 1 + 15 ?
3432,['subtraction'],"[2, 4]",-2,What is 2 - 4 ?
3433,['subtraction'],"[9, 7]",2,What is 9 - 7 ?
3434,['subtraction'],"[4, 11]",-7,What is 4 - 11 ?
3435,['addition'],"[11, 14]",25,What is 11 + 14 ?
3436,['division'],"[9, 2]",4,What is 9 / 2  (rounded to the nearest integer)?
3437,['subtraction'],"[11, 11]",0,What is 11 - 11 ?
3438,['multiplication'],"[10, 10]",100,What is 10 * 10 ?
3439,['subtraction'],"[1, 12]",-11,What is 1 - 12 ?
3440,['multiplication'],"[8, 4]",32,What is 8 * 4 ?
3441,['division'],"[7, 5]",1,What is 7 / 5  (rounded to the nearest integer)?
3442,['multiplication'],"[1, 7]",7,What is 1 * 7 ?
3443,['subtraction'],"[3, 3]",0,What is 3 - 3 ?
3444,['addition'],"[9, 8]",17,What is 9 + 8 ?
3445,['division'],"[4, 1]",4,What is 4 / 1  (rounded to the nearest integer)?
3446,['division'],"[10, 2]",5,What is 10 / 2  (rounded to the nearest integer)?
3447,['addition'],"[1, 9]",10,What is 1 + 9 ?
3448,['division'],"[10, 2]",5,What is 10 / 2  (rounded to the nearest integer)?
3449,['addition'],"[7, 6]",13,What is 7 + 6 ?
3450,['subtraction'],"[0, 12]",-12,What is 0 - 12 ?
3451,['division'],"[9, 4]",2,What is 9 / 4  (rounded to the nearest integer)?
3452,['division'],"[10, 1]",10,What is 10 / 1  (rounded to the nearest integer)?
3453,['multiplication'],"[2, 7]",14,What is 2 * 7 ?
3454,['multiplication'],"[5, 5]",25,What is 5 * 5 ?
3455,['division'],"[5, 4]",1,What is 5 / 4  (rounded to the nearest integer)?
3456,['subtraction'],"[3, 1]",2,What is 3 - 1 ?
3457,['multiplication'],"[6, 9]",54,What is 6 * 9 ?
3458,['division'],"[6, 3]",2,What is 6 / 3  (rounded to the nearest integer)?
3459,['division'],"[4, 2]",2,What is 4 / 2  (rounded to the nearest integer)?
3460,['addition'],"[7, 12]",19,What is 7 + 12 ?
3461,['addition'],"[7, 12]",19,What is 7 + 12 ?
3462,['addition'],"[0, 3]",3,What is 0 + 3 ?
3463,['addition'],"[3, 15]",18,What is 3 + 15 ?
3464,['addition'],"[2, 7]",9,What is 2 + 7 ?
3465,['division'],"[5, 3]",2,What is 5 / 3  (rounded to the nearest integer)?
3466,['division'],"[9, 8]",1,What is 9 / 8  (rounded to the nearest integer)?
3467,['addition'],"[15, 6]",21,What is 15 + 6 ?
3468,['multiplication'],"[4, 4]",16,What is 4 * 4 ?
3469,['division'],"[6, 4]",2,What is 6 / 4  (rounded to the nearest integer)?
3470,['subtraction'],"[4, 5]",-1,What is 4 - 5 ?
3471,['multiplication'],"[3, 5]",15,What is 3 * 5 ?
3472,['division'],"[6, 5]",1,What is 6 / 5  (rounded to the nearest integer)?
3473,['division'],"[7, 5]",1,What is 7 / 5  (rounded to the nearest integer)?
3474,['multiplication'],"[8, 9]",72,What is 8 * 9 ?
3475,['addition'],"[11, 2]",13,What is 11 + 2 ?
3476,['subtraction'],"[14, 4]",10,What is 14 - 4 ?
3477,['addition'],"[3, 8]",11,What is 3 + 8 ?
3478,['multiplication'],"[1, 4]",4,What is 1 * 4 ?
3479,['multiplication'],"[4, 8]",32,What is 4 * 8 ?
3480,['division'],"[6, 2]",3,What is 6 / 2  (rounded to the nearest integer)?
3481,['division'],"[10, 7]",1,What is 10 / 7  (rounded to the nearest integer)?
3482,['addition'],"[15, 1]",16,What is 15 + 1 ?
3483,['multiplication'],"[9, 6]",54,What is 9 * 6 ?
3484,['addition'],"[2, 2]",4,What is 2 + 2 ?
3485,['subtraction'],"[3, 14]",-11,What is 3 - 14 ?
3486,['subtraction'],"[2, 11]",-9,What is 2 - 11 ?
3487,['addition'],"[15, 7]",22,What is 15 + 7 ?
3488,['multiplication'],"[3, 6]",18,What is 3 * 6 ?
3489,['division'],"[5, 4]",1,What is 5 / 4  (rounded to the nearest integer)?
3490,['addition'],"[12, 2]",14,What is 12 + 2 ?
3491,['division'],"[7, 6]",1,What is 7 / 6  (rounded to the nearest integer)?
3492,['multiplication'],"[5, 4]",20,What is 5 * 4 ?
3493,['subtraction'],"[4, 8]",-4,What is 4 - 8 ?
3494,['addition'],"[7, 6]",13,What is 7 + 6 ?
3495,['multiplication'],"[5, 6]",30,What is 5 * 6 ?
3496,['subtraction'],"[12, 11]",1,What is 12 - 11 ?
3497,['subtraction'],"[11, 2]",9,What is 11 - 2 ?
3498,['subtraction'],"[11, 5]",6,What is 11 - 5 ?
3499,['division'],"[5, 1]",5,What is 5 / 1  (rounded to the nearest integer)?
3500,['division'],"[9, 7]",1,What is 9 / 7  (rounded to the nearest integer)?
3501,['addition'],"[9, 9]",18,What is 9 + 9 ?
3502,['multiplication'],"[7, 9]",63,What is 7 * 9 ?
3503,['multiplication'],"[10, 8]",80,What is 10 * 8 ?
3504,['addition'],"[1, 13]",14,What is 1 + 13 ?
3505,['addition'],"[9, 1]",10,What is 9 + 1 ?
3506,['division'],"[3, 3]",1,What is 3 / 3  (rounded to the nearest integer)?
3507,['multiplication'],"[9, 6]",54,What is 9 * 6 ?
3508,['division'],"[7, 4]",2,What is 7 / 4  (rounded to the nearest integer)?
3509,['division'],"[7, 3]",2,What is 7 / 3  (rounded to the nearest integer)?
3510,['division'],"[7, 2]",4,What is 7 / 2  (rounded to the nearest integer)?
3511,['subtraction'],"[0, 13]",-13,What is 0 - 13 ?
3512,['multiplication'],"[8, 1]",8,What is 8 * 1 ?
3513,['multiplication'],"[10, 9]",90,What is 10 * 9 ?
3514,['subtraction'],"[1, 10]",-9,What is 1 - 10 ?
3515,['subtraction'],"[8, 4]",4,What is 8 - 4 ?
3516,['subtraction'],"[15, 12]",3,What is 15 - 12 ?
3517,['subtraction'],"[1, 15]",-14,What is 1 - 15 ?
3518,['subtraction'],"[10, 14]",-4,What is 10 - 14 ?
3519,['addition'],"[14, 13]",27,What is 14 + 13 ?
3520,['subtraction'],"[13, 6]",7,What is 13 - 6 ?
3521,['multiplication'],"[8, 9]",72,What is 8 * 9 ?
3522,['division'],"[4, 1]",4,What is 4 / 1  (rounded to the nearest integer)?
3523,['division'],"[9, 5]",2,What is 9 / 5  (rounded to the nearest integer)?
3524,['multiplication'],"[7, 10]",70,What is 7 * 10 ?
3525,['subtraction'],"[12, 3]",9,What is 12 - 3 ?
3526,['division'],"[6, 2]",3,What is 6 / 2  (rounded to the nearest integer)?
3527,['division'],"[4, 1]",4,What is 4 / 1  (rounded to the nearest integer)?
3528,['multiplication'],"[9, 6]",54,What is 9 * 6 ?
3529,['division'],"[6, 5]",1,What is 6 / 5  (rounded to the nearest integer)?
3530,['multiplication'],"[4, 7]",28,What is 4 * 7 ?
3531,['addition'],"[6, 1]",7,What is 6 + 1 ?
3532,['addition'],"[8, 8]",16,What is 8 + 8 ?
3533,['multiplication'],"[4, 8]",32,What is 4 * 8 ?
3534,['subtraction'],"[10, 15]",-5,What is 10 - 15 ?
3535,['division'],"[10, 1]",10,What is 10 / 1  (rounded to the nearest integer)?
3536,['subtraction'],"[6, 1]",5,What is 6 - 1 ?
3537,['division'],"[2, 2]",1,What is 2 / 2  (rounded to the nearest integer)?
3538,['division'],"[8, 1]",8,What is 8 / 1  (rounded to the nearest integer)?
3539,['multiplication'],"[4, 1]",4,What is 4 * 1 ?
3540,['subtraction'],"[15, 4]",11,What is 15 - 4 ?
3541,['addition'],"[13, 10]",23,What is 13 + 10 ?
3542,['multiplication'],"[10, 1]",10,What is 10 * 1 ?
3543,['addition'],"[6, 15]",21,What is 6 + 15 ?
3544,['multiplication'],"[9, 8]",72,What is 9 * 8 ?
3545,['subtraction'],"[11, 13]",-2,What is 11 - 13 ?
3546,['subtraction'],"[3, 14]",-11,What is 3 - 14 ?
3547,['multiplication'],"[1, 1]",1,What is 1 * 1 ?
3548,['multiplication'],"[10, 8]",80,What is 10 * 8 ?
3549,['addition'],"[1, 13]",14,What is 1 + 13 ?
3550,['multiplication'],"[10, 8]",80,What is 10 * 8 ?
3551,['division'],"[9, 6]",2,What is 9 / 6  (rounded to the nearest integer)?
3552,['division'],"[6, 3]",2,What is 6 / 3  (rounded to the nearest integer)?
3553,['division'],"[3, 2]",2,What is 3 / 2  (rounded to the nearest integer)?
3554,['subtraction'],"[10, 15]",-5,What is 10 - 15 ?
3555,['subtraction'],"[6, 7]",-1,What is 6 - 7 ?
3556,['subtraction'],"[5, 2]",3,What is 5 - 2 ?
3557,['addition'],"[0, 0]",0,What is 0 + 0 ?
3558,['subtraction'],"[3, 12]",-9,What is 3 - 12 ?
3559,['division'],"[10, 1]",10,What is 10 / 1  (rounded to the nearest integer)?
3560,['addition'],"[7, 1]",8,What is 7 + 1 ?
3561,['subtraction'],"[12, 11]",1,What is 12 - 11 ?
3562,['addition'],"[13, 10]",23,What is 13 + 10 ?
3563,['division'],"[10, 3]",3,What is 10 / 3  (rounded to the nearest integer)?
3564,['subtraction'],"[8, 1]",7,What is 8 - 1 ?
3565,['addition'],"[2, 9]",11,What is 2 + 9 ?
3566,['division'],"[8, 1]",8,What is 8 / 1  (rounded to the nearest integer)?
3567,['multiplication'],"[10, 3]",30,What is 10 * 3 ?
3568,['multiplication'],"[7, 5]",35,What is 7 * 5 ?
3569,['multiplication'],"[9, 4]",36,What is 9 * 4 ?
3570,['subtraction'],"[0, 4]",-4,What is 0 - 4 ?
3571,['division'],"[6, 5]",1,What is 6 / 5  (rounded to the nearest integer)?
3572,['addition'],"[13, 7]",20,What is 13 + 7 ?
3573,['division'],"[10, 4]",2,What is 10 / 4  (rounded to the nearest integer)?
3574,['division'],"[4, 3]",1,What is 4 / 3  (rounded to the nearest integer)?
3575,['multiplication'],"[6, 9]",54,What is 6 * 9 ?
3576,['multiplication'],"[5, 7]",35,What is 5 * 7 ?
3577,['multiplication'],"[3, 5]",15,What is 3 * 5 ?
3578,['addition'],"[8, 2]",10,What is 8 + 2 ?
3579,['subtraction'],"[12, 15]",-3,What is 12 - 15 ?
3580,['multiplication'],"[1, 4]",4,What is 1 * 4 ?
3581,['division'],"[2, 1]",2,What is 2 / 1  (rounded to the nearest integer)?
3582,['division'],"[10, 10]",1,What is 10 / 10  (rounded to the nearest integer)?
3583,['division'],"[4, 3]",1,What is 4 / 3  (rounded to the nearest integer)?
3584,['division'],"[6, 3]",2,What is 6 / 3  (rounded to the nearest integer)?
3585,['subtraction'],"[9, 13]",-4,What is 9 - 13 ?
3586,['multiplication'],"[7, 9]",63,What is 7 * 9 ?
3587,['multiplication'],"[1, 3]",3,What is 1 * 3 ?
3588,['division'],"[5, 4]",1,What is 5 / 4  (rounded to the nearest integer)?
3589,['addition'],"[11, 7]",18,What is 11 + 7 ?
3590,['division'],"[8, 5]",2,What is 8 / 5  (rounded to the nearest integer)?
3591,['subtraction'],"[5, 14]",-9,What is 5 - 14 ?
3592,['subtraction'],"[8, 4]",4,What is 8 - 4 ?
3593,['addition'],"[1, 0]",1,What is 1 + 0 ?
3594,['addition'],"[12, 13]",25,What is 12 + 13 ?
3595,['multiplication'],"[5, 4]",20,What is 5 * 4 ?
3596,['addition'],"[0, 12]",12,What is 0 + 12 ?
3597,['multiplication'],"[5, 10]",50,What is 5 * 10 ?
3598,['multiplication'],"[7, 6]",42,What is 7 * 6 ?
3599,['addition'],"[0, 5]",5,What is 0 + 5 ?
3600,['addition'],"[6, 3]",9,What is 6 + 3 ?
3601,['subtraction'],"[5, 4]",1,What is 5 - 4 ?
3602,['addition'],"[13, 12]",25,What is 13 + 12 ?
3603,['subtraction'],"[6, 11]",-5,What is 6 - 11 ?
3604,['addition'],"[9, 15]",24,What is 9 + 15 ?
3605,['subtraction'],"[7, 8]",-1,What is 7 - 8 ?
3606,['division'],"[5, 4]",1,What is 5 / 4  (rounded to the nearest integer)?
3607,['subtraction'],"[8, 6]",2,What is 8 - 6 ?
3608,['addition'],"[13, 2]",15,What is 13 + 2 ?
3609,['addition'],"[13, 12]",25,What is 13 + 12 ?
3610,['addition'],"[9, 2]",11,What is 9 + 2 ?
3611,['multiplication'],"[1, 5]",5,What is 1 * 5 ?
3612,['multiplication'],"[7, 9]",63,What is 7 * 9 ?
3613,['division'],"[8, 1]",8,What is 8 / 1  (rounded to the nearest integer)?
3614,['division'],"[10, 7]",1,What is 10 / 7  (rounded to the nearest integer)?
3615,['addition'],"[14, 1]",15,What is 14 + 1 ?
3616,['subtraction'],"[0, 3]",-3,What is 0 - 3 ?
3617,['multiplication'],"[2, 2]",4,What is 2 * 2 ?
3618,['multiplication'],"[3, 4]",12,What is 3 * 4 ?
3619,['multiplication'],"[5, 2]",10,What is 5 * 2 ?
3620,['multiplication'],"[6, 1]",6,What is 6 * 1 ?
3621,['addition'],"[10, 9]",19,What is 10 + 9 ?
3622,['addition'],"[11, 11]",22,What is 11 + 11 ?
3623,['subtraction'],"[3, 10]",-7,What is 3 - 10 ?
3624,['subtraction'],"[6, 0]",6,What is 6 - 0 ?
3625,['addition'],"[13, 2]",15,What is 13 + 2 ?
3626,['addition'],"[12, 7]",19,What is 12 + 7 ?
3627,['multiplication'],"[3, 9]",27,What is 3 * 9 ?
3628,['multiplication'],"[9, 3]",27,What is 9 * 3 ?
3629,['addition'],"[5, 0]",5,What is 5 + 0 ?
3630,['multiplication'],"[6, 2]",12,What is 6 * 2 ?
3631,['subtraction'],"[13, 8]",5,What is 13 - 8 ?
3632,['addition'],"[0, 4]",4,What is 0 + 4 ?
3633,['division'],"[6, 2]",3,What is 6 / 2  (rounded to the nearest integer)?
3634,['subtraction'],"[5, 6]",-1,What is 5 - 6 ?
3635,['division'],"[7, 3]",2,What is 7 / 3  (rounded to the nearest integer)?
3636,['addition'],"[10, 11]",21,What is 10 + 11 ?
3637,['multiplication'],"[4, 3]",12,What is 4 * 3 ?
3638,['subtraction'],"[15, 0]",15,What is 15 - 0 ?
3639,['subtraction'],"[1, 1]",0,What is 1 - 1 ?
3640,['division'],"[8, 7]",1,What is 8 / 7  (rounded to the nearest integer)?
3641,['subtraction'],"[5, 8]",-3,What is 5 - 8 ?
3642,['division'],"[9, 5]",2,What is 9 / 5  (rounded to the nearest integer)?
3643,['addition'],"[1, 13]",14,What is 1 + 13 ?
3644,['subtraction'],"[7, 11]",-4,What is 7 - 11 ?
3645,['division'],"[5, 4]",1,What is 5 / 4  (rounded to the nearest integer)?
3646,['addition'],"[2, 15]",17,What is 2 + 15 ?
3647,['multiplication'],"[8, 7]",56,What is 8 * 7 ?
3648,['addition'],"[11, 0]",11,What is 11 + 0 ?
3649,['subtraction'],"[11, 6]",5,What is 11 - 6 ?
3650,['division'],"[9, 3]",3,What is 9 / 3  (rounded to the nearest integer)?
3651,['addition'],"[8, 11]",19,What is 8 + 11 ?
3652,['division'],"[3, 1]",3,What is 3 / 1  (rounded to the nearest integer)?
3653,['addition'],"[0, 6]",6,What is 0 + 6 ?
3654,['subtraction'],"[12, 3]",9,What is 12 - 3 ?
3655,['division'],"[6, 1]",6,What is 6 / 1  (rounded to the nearest integer)?
3656,['subtraction'],"[2, 8]",-6,What is 2 - 8 ?
3657,['division'],"[5, 1]",5,What is 5 / 1  (rounded to the nearest integer)?
3658,['addition'],"[5, 15]",20,What is 5 + 15 ?
3659,['subtraction'],"[5, 4]",1,What is 5 - 4 ?
3660,['addition'],"[2, 1]",3,What is 2 + 1 ?
3661,['subtraction'],"[8, 8]",0,What is 8 - 8 ?
3662,['multiplication'],"[4, 6]",24,What is 4 * 6 ?
3663,['division'],"[8, 7]",1,What is 8 / 7  (rounded to the nearest integer)?
3664,['subtraction'],"[9, 6]",3,What is 9 - 6 ?
3665,['subtraction'],"[7, 14]",-7,What is 7 - 14 ?
3666,['multiplication'],"[5, 1]",5,What is 5 * 1 ?
3667,['multiplication'],"[6, 1]",6,What is 6 * 1 ?
3668,['division'],"[9, 2]",4,What is 9 / 2  (rounded to the nearest integer)?
3669,['division'],"[3, 1]",3,What is 3 / 1  (rounded to the nearest integer)?
3670,['multiplication'],"[7, 3]",21,What is 7 * 3 ?
3671,['multiplication'],"[8, 5]",40,What is 8 * 5 ?
3672,['addition'],"[1, 6]",7,What is 1 + 6 ?
3673,['division'],"[5, 5]",1,What is 5 / 5  (rounded to the nearest integer)?
3674,['division'],"[6, 3]",2,What is 6 / 3  (rounded to the nearest integer)?
3675,['multiplication'],"[2, 4]",8,What is 2 * 4 ?
3676,['addition'],"[7, 2]",9,What is 7 + 2 ?
3677,['addition'],"[13, 9]",22,What is 13 + 9 ?
3678,['subtraction'],"[1, 9]",-8,What is 1 - 9 ?
3679,['addition'],"[2, 11]",13,What is 2 + 11 ?
3680,['addition'],"[13, 11]",24,What is 13 + 11 ?
3681,['multiplication'],"[10, 7]",70,What is 10 * 7 ?
3682,['division'],"[7, 6]",1,What is 7 / 6  (rounded to the nearest integer)?
3683,['multiplication'],"[5, 3]",15,What is 5 * 3 ?
3684,['subtraction'],"[9, 3]",6,What is 9 - 3 ?
3685,['division'],"[8, 6]",1,What is 8 / 6  (rounded to the nearest integer)?
3686,['division'],"[5, 5]",1,What is 5 / 5  (rounded to the nearest integer)?
3687,['multiplication'],"[10, 10]",100,What is 10 * 10 ?
3688,['multiplication'],"[3, 9]",27,What is 3 * 9 ?
3689,['subtraction'],"[10, 0]",10,What is 10 - 0 ?
3690,['subtraction'],"[3, 11]",-8,What is 3 - 11 ?
3691,['division'],"[5, 4]",1,What is 5 / 4  (rounded to the nearest integer)?
3692,['division'],"[4, 2]",2,What is 4 / 2  (rounded to the nearest integer)?
3693,['addition'],"[8, 0]",8,What is 8 + 0 ?
3694,['addition'],"[13, 13]",26,What is 13 + 13 ?
3695,['division'],"[6, 3]",2,What is 6 / 3  (rounded to the nearest integer)?
3696,['multiplication'],"[2, 5]",10,What is 2 * 5 ?
3697,['subtraction'],"[8, 4]",4,What is 8 - 4 ?
3698,['division'],"[9, 8]",1,What is 9 / 8  (rounded to the nearest integer)?
3699,['multiplication'],"[9, 9]",81,What is 9 * 9 ?
3700,['multiplication'],"[3, 4]",12,What is 3 * 4 ?
3701,['subtraction'],"[7, 15]",-8,What is 7 - 15 ?
3702,['subtraction'],"[14, 14]",0,What is 14 - 14 ?
3703,['subtraction'],"[11, 12]",-1,What is 11 - 12 ?
3704,['subtraction'],"[6, 11]",-5,What is 6 - 11 ?
3705,['multiplication'],"[7, 8]",56,What is 7 * 8 ?
3706,['multiplication'],"[9, 8]",72,What is 9 * 8 ?
3707,['addition'],"[10, 12]",22,What is 10 + 12 ?
3708,['addition'],"[12, 15]",27,What is 12 + 15 ?
3709,['addition'],"[6, 8]",14,What is 6 + 8 ?
3710,['division'],"[5, 4]",1,What is 5 / 4  (rounded to the nearest integer)?
3711,['multiplication'],"[8, 10]",80,What is 8 * 10 ?
3712,['division'],"[10, 9]",1,What is 10 / 9  (rounded to the nearest integer)?
3713,['division'],"[5, 1]",5,What is 5 / 1  (rounded to the nearest integer)?
3714,['addition'],"[12, 8]",20,What is 12 + 8 ?
3715,['addition'],"[8, 12]",20,What is 8 + 12 ?
3716,['addition'],"[3, 0]",3,What is 3 + 0 ?
3717,['division'],"[5, 5]",1,What is 5 / 5  (rounded to the nearest integer)?
3718,['multiplication'],"[9, 8]",72,What is 9 * 8 ?
3719,['subtraction'],"[10, 15]",-5,What is 10 - 15 ?
3720,['multiplication'],"[10, 2]",20,What is 10 * 2 ?
3721,['multiplication'],"[4, 5]",20,What is 4 * 5 ?
3722,['subtraction'],"[7, 2]",5,What is 7 - 2 ?
3723,['addition'],"[6, 13]",19,What is 6 + 13 ?
3724,['addition'],"[4, 5]",9,What is 4 + 5 ?
3725,['addition'],"[5, 7]",12,What is 5 + 7 ?
3726,['subtraction'],"[0, 0]",0,What is 0 - 0 ?
3727,['division'],"[7, 6]",1,What is 7 / 6  (rounded to the nearest integer)?
3728,['division'],"[9, 3]",3,What is 9 / 3  (rounded to the nearest integer)?
3729,['multiplication'],"[4, 3]",12,What is 4 * 3 ?
3730,['division'],"[9, 8]",1,What is 9 / 8  (rounded to the nearest integer)?
3731,['division'],"[8, 6]",1,What is 8 / 6  (rounded to the nearest integer)?
3732,['multiplication'],"[8, 8]",64,What is 8 * 8 ?
3733,['addition'],"[9, 8]",17,What is 9 + 8 ?
3734,['subtraction'],"[11, 14]",-3,What is 11 - 14 ?
3735,['addition'],"[11, 6]",17,What is 11 + 6 ?
3736,['subtraction'],"[6, 5]",1,What is 6 - 5 ?
3737,['addition'],"[13, 5]",18,What is 13 + 5 ?
3738,['subtraction'],"[11, 0]",11,What is 11 - 0 ?
3739,['addition'],"[6, 15]",21,What is 6 + 15 ?
3740,['subtraction'],"[11, 11]",0,What is 11 - 11 ?
3741,['subtraction'],"[14, 12]",2,What is 14 - 12 ?
3742,['division'],"[8, 1]",8,What is 8 / 1  (rounded to the nearest integer)?
3743,['addition'],"[4, 4]",8,What is 4 + 4 ?
3744,['subtraction'],"[11, 11]",0,What is 11 - 11 ?
3745,['multiplication'],"[1, 1]",1,What is 1 * 1 ?
3746,['addition'],"[7, 9]",16,What is 7 + 9 ?
3747,['subtraction'],"[12, 15]",-3,What is 12 - 15 ?
3748,['division'],"[9, 3]",3,What is 9 / 3  (rounded to the nearest integer)?
3749,['division'],"[10, 7]",1,What is 10 / 7  (rounded to the nearest integer)?
3750,['division'],"[2, 2]",1,What is 2 / 2  (rounded to the nearest integer)?
3751,['addition'],"[1, 14]",15,What is 1 + 14 ?
3752,['subtraction'],"[14, 13]",1,What is 14 - 13 ?
3753,['addition'],"[13, 10]",23,What is 13 + 10 ?
3754,['multiplication'],"[2, 8]",16,What is 2 * 8 ?
3755,['subtraction'],"[3, 8]",-5,What is 3 - 8 ?
3756,['multiplication'],"[9, 3]",27,What is 9 * 3 ?
3757,['subtraction'],"[15, 13]",2,What is 15 - 13 ?
3758,['multiplication'],"[10, 6]",60,What is 10 * 6 ?
3759,['subtraction'],"[11, 14]",-3,What is 11 - 14 ?
3760,['multiplication'],"[2, 2]",4,What is 2 * 2 ?
3761,['division'],"[4, 2]",2,What is 4 / 2  (rounded to the nearest integer)?
3762,['multiplication'],"[2, 1]",2,What is 2 * 1 ?
3763,['division'],"[10, 4]",2,What is 10 / 4  (rounded to the nearest integer)?
3764,['subtraction'],"[4, 11]",-7,What is 4 - 11 ?
3765,['subtraction'],"[14, 11]",3,What is 14 - 11 ?
3766,['subtraction'],"[14, 1]",13,What is 14 - 1 ?
3767,['subtraction'],"[12, 0]",12,What is 12 - 0 ?
3768,['multiplication'],"[4, 6]",24,What is 4 * 6 ?
3769,['subtraction'],"[7, 2]",5,What is 7 - 2 ?
3770,['division'],"[8, 6]",1,What is 8 / 6  (rounded to the nearest integer)?
3771,['addition'],"[11, 2]",13,What is 11 + 2 ?
3772,['division'],"[2, 1]",2,What is 2 / 1  (rounded to the nearest integer)?
3773,['addition'],"[1, 15]",16,What is 1 + 15 ?
3774,['division'],"[9, 8]",1,What is 9 / 8  (rounded to the nearest integer)?
3775,['division'],"[10, 8]",1,What is 10 / 8  (rounded to the nearest integer)?
3776,['addition'],"[2, 8]",10,What is 2 + 8 ?
3777,['addition'],"[7, 0]",7,What is 7 + 0 ?
3778,['addition'],"[5, 3]",8,What is 5 + 3 ?
3779,['division'],"[5, 2]",2,What is 5 / 2  (rounded to the nearest integer)?
3780,['subtraction'],"[4, 11]",-7,What is 4 - 11 ?
3781,['division'],"[7, 5]",1,What is 7 / 5  (rounded to the nearest integer)?
3782,['multiplication'],"[5, 10]",50,What is 5 * 10 ?
3783,['addition'],"[14, 1]",15,What is 14 + 1 ?
3784,['division'],"[9, 5]",2,What is 9 / 5  (rounded to the nearest integer)?
3785,['division'],"[8, 7]",1,What is 8 / 7  (rounded to the nearest integer)?
3786,['division'],"[4, 1]",4,What is 4 / 1  (rounded to the nearest integer)?
3787,['division'],"[7, 4]",2,What is 7 / 4  (rounded to the nearest integer)?
3788,['division'],"[6, 2]",3,What is 6 / 2  (rounded to the nearest integer)?
3789,['division'],"[8, 8]",1,What is 8 / 8  (rounded to the nearest integer)?
3790,['division'],"[7, 6]",1,What is 7 / 6  (rounded to the nearest integer)?
3791,['division'],"[8, 7]",1,What is 8 / 7  (rounded to the nearest integer)?
3792,['multiplication'],"[3, 4]",12,What is 3 * 4 ?
3793,['addition'],"[8, 3]",11,What is 8 + 3 ?
3794,['multiplication'],"[3, 8]",24,What is 3 * 8 ?
3795,['addition'],"[12, 10]",22,What is 12 + 10 ?
3796,['addition'],"[8, 6]",14,What is 8 + 6 ?
3797,['addition'],"[9, 8]",17,What is 9 + 8 ?
3798,['subtraction'],"[14, 0]",14,What is 14 - 0 ?
3799,['division'],"[4, 3]",1,What is 4 / 3  (rounded to the nearest integer)?
3800,['division'],"[10, 6]",2,What is 10 / 6  (rounded to the nearest integer)?
3801,['division'],"[10, 8]",1,What is 10 / 8  (rounded to the nearest integer)?
3802,['multiplication'],"[3, 5]",15,What is 3 * 5 ?
3803,['addition'],"[12, 15]",27,What is 12 + 15 ?
3804,['addition'],"[7, 6]",13,What is 7 + 6 ?
3805,['subtraction'],"[3, 6]",-3,What is 3 - 6 ?
3806,['division'],"[5, 1]",5,What is 5 / 1  (rounded to the nearest integer)?
3807,['subtraction'],"[0, 12]",-12,What is 0 - 12 ?
3808,['multiplication'],"[9, 7]",63,What is 9 * 7 ?
3809,['subtraction'],"[11, 5]",6,What is 11 - 5 ?
3810,['division'],"[3, 2]",2,What is 3 / 2  (rounded to the nearest integer)?
3811,['addition'],"[1, 5]",6,What is 1 + 5 ?
3812,['multiplication'],"[9, 1]",9,What is 9 * 1 ?
3813,['multiplication'],"[10, 3]",30,What is 10 * 3 ?
3814,['division'],"[6, 2]",3,What is 6 / 2  (rounded to the nearest integer)?
3815,['addition'],"[0, 8]",8,What is 0 + 8 ?
3816,['multiplication'],"[1, 6]",6,What is 1 * 6 ?
3817,['addition'],"[5, 11]",16,What is 5 + 11 ?
3818,['subtraction'],"[14, 1]",13,What is 14 - 1 ?
3819,['addition'],"[11, 2]",13,What is 11 + 2 ?
3820,['addition'],"[11, 14]",25,What is 11 + 14 ?
3821,['subtraction'],"[2, 10]",-8,What is 2 - 10 ?
3822,['division'],"[10, 6]",2,What is 10 / 6  (rounded to the nearest integer)?
3823,['division'],"[2, 2]",1,What is 2 / 2  (rounded to the nearest integer)?
3824,['subtraction'],"[12, 5]",7,What is 12 - 5 ?
3825,['subtraction'],"[7, 3]",4,What is 7 - 3 ?
3826,['subtraction'],"[11, 11]",0,What is 11 - 11 ?
3827,['addition'],"[13, 5]",18,What is 13 + 5 ?
3828,['division'],"[8, 7]",1,What is 8 / 7  (rounded to the nearest integer)?
3829,['addition'],"[6, 4]",10,What is 6 + 4 ?
3830,['addition'],"[5, 13]",18,What is 5 + 13 ?
3831,['division'],"[10, 7]",1,What is 10 / 7  (rounded to the nearest integer)?
3832,['division'],"[8, 2]",4,What is 8 / 2  (rounded to the nearest integer)?
3833,['subtraction'],"[1, 6]",-5,What is 1 - 6 ?
3834,['subtraction'],"[11, 2]",9,What is 11 - 2 ?
3835,['subtraction'],"[0, 2]",-2,What is 0 - 2 ?
3836,['addition'],"[10, 7]",17,What is 10 + 7 ?
3837,['division'],"[5, 1]",5,What is 5 / 1  (rounded to the nearest integer)?
3838,['addition'],"[14, 15]",29,What is 14 + 15 ?
3839,['multiplication'],"[6, 1]",6,What is 6 * 1 ?
3840,['multiplication'],"[3, 3]",9,What is 3 * 3 ?
3841,['subtraction'],"[4, 15]",-11,What is 4 - 15 ?
3842,['addition'],"[8, 4]",12,What is 8 + 4 ?
3843,['multiplication'],"[6, 9]",54,What is 6 * 9 ?
3844,['multiplication'],"[10, 10]",100,What is 10 * 10 ?
3845,['subtraction'],"[3, 15]",-12,What is 3 - 15 ?
3846,['subtraction'],"[14, 9]",5,What is 14 - 9 ?
3847,['subtraction'],"[9, 3]",6,What is 9 - 3 ?
3848,['multiplication'],"[8, 7]",56,What is 8 * 7 ?
3849,['addition'],"[2, 7]",9,What is 2 + 7 ?
3850,['division'],"[7, 4]",2,What is 7 / 4  (rounded to the nearest integer)?
3851,['division'],"[10, 7]",1,What is 10 / 7  (rounded to the nearest integer)?
3852,['division'],"[5, 4]",1,What is 5 / 4  (rounded to the nearest integer)?
3853,['division'],"[7, 2]",4,What is 7 / 2  (rounded to the nearest integer)?
3854,['addition'],"[4, 10]",14,What is 4 + 10 ?
3855,['division'],"[6, 5]",1,What is 6 / 5  (rounded to the nearest integer)?
3856,['division'],"[6, 6]",1,What is 6 / 6  (rounded to the nearest integer)?
3857,['multiplication'],"[3, 1]",3,What is 3 * 1 ?
3858,['division'],"[2, 1]",2,What is 2 / 1  (rounded to the nearest integer)?
3859,['multiplication'],"[5, 7]",35,What is 5 * 7 ?
3860,['multiplication'],"[8, 5]",40,What is 8 * 5 ?
3861,['addition'],"[0, 5]",5,What is 0 + 5 ?
3862,['division'],"[7, 4]",2,What is 7 / 4  (rounded to the nearest integer)?
3863,['division'],"[8, 4]",2,What is 8 / 4  (rounded to the nearest integer)?
3864,['division'],"[7, 2]",4,What is 7 / 2  (rounded to the nearest integer)?
3865,['subtraction'],"[2, 5]",-3,What is 2 - 5 ?
3866,['subtraction'],"[6, 10]",-4,What is 6 - 10 ?
3867,['subtraction'],"[2, 9]",-7,What is 2 - 9 ?
3868,['division'],"[7, 4]",2,What is 7 / 4  (rounded to the nearest integer)?
3869,['multiplication'],"[10, 10]",100,What is 10 * 10 ?
3870,['multiplication'],"[9, 6]",54,What is 9 * 6 ?
3871,['multiplication'],"[8, 2]",16,What is 8 * 2 ?
3872,['addition'],"[6, 4]",10,What is 6 + 4 ?
3873,['multiplication'],"[7, 5]",35,What is 7 * 5 ?
3874,['subtraction'],"[13, 3]",10,What is 13 - 3 ?
3875,['addition'],"[6, 1]",7,What is 6 + 1 ?
3876,['addition'],"[3, 12]",15,What is 3 + 12 ?
3877,['subtraction'],"[11, 9]",2,What is 11 - 9 ?
3878,['multiplication'],"[2, 2]",4,What is 2 * 2 ?
3879,['division'],"[10, 5]",2,What is 10 / 5  (rounded to the nearest integer)?
3880,['addition'],"[8, 0]",8,What is 8 + 0 ?
3881,['division'],"[8, 1]",8,What is 8 / 1  (rounded to the nearest integer)?
3882,['multiplication'],"[6, 4]",24,What is 6 * 4 ?
3883,['division'],"[6, 3]",2,What is 6 / 3  (rounded to the nearest integer)?
3884,['multiplication'],"[10, 9]",90,What is 10 * 9 ?
3885,['multiplication'],"[10, 6]",60,What is 10 * 6 ?
3886,['division'],"[6, 1]",6,What is 6 / 1  (rounded to the nearest integer)?
3887,['division'],"[8, 4]",2,What is 8 / 4  (rounded to the nearest integer)?
3888,['addition'],"[7, 10]",17,What is 7 + 10 ?
3889,['addition'],"[11, 3]",14,What is 11 + 3 ?
3890,['subtraction'],"[14, 13]",1,What is 14 - 13 ?
3891,['multiplication'],"[3, 4]",12,What is 3 * 4 ?
3892,['multiplication'],"[4, 7]",28,What is 4 * 7 ?
3893,['division'],"[7, 4]",2,What is 7 / 4  (rounded to the nearest integer)?
3894,['multiplication'],"[3, 9]",27,What is 3 * 9 ?
3895,['multiplication'],"[2, 9]",18,What is 2 * 9 ?
3896,['multiplication'],"[10, 3]",30,What is 10 * 3 ?
3897,['subtraction'],"[12, 1]",11,What is 12 - 1 ?
3898,['division'],"[7, 2]",4,What is 7 / 2  (rounded to the nearest integer)?
3899,['addition'],"[12, 4]",16,What is 12 + 4 ?
3900,['addition'],"[15, 7]",22,What is 15 + 7 ?
3901,['division'],"[4, 3]",1,What is 4 / 3  (rounded to the nearest integer)?
3902,['division'],"[9, 1]",9,What is 9 / 1  (rounded to the nearest integer)?
3903,['division'],"[6, 4]",2,What is 6 / 4  (rounded to the nearest integer)?
3904,['addition'],"[5, 2]",7,What is 5 + 2 ?
3905,['subtraction'],"[0, 15]",-15,What is 0 - 15 ?
3906,['division'],"[7, 1]",7,What is 7 / 1  (rounded to the nearest integer)?
3907,['multiplication'],"[1, 1]",1,What is 1 * 1 ?
3908,['division'],"[6, 3]",2,What is 6 / 3  (rounded to the nearest integer)?
3909,['addition'],"[6, 9]",15,What is 6 + 9 ?
3910,['multiplication'],"[7, 4]",28,What is 7 * 4 ?
3911,['division'],"[6, 4]",2,What is 6 / 4  (rounded to the nearest integer)?
3912,['division'],"[7, 4]",2,What is 7 / 4  (rounded to the nearest integer)?
3913,['multiplication'],"[6, 6]",36,What is 6 * 6 ?
3914,['subtraction'],"[3, 14]",-11,What is 3 - 14 ?
3915,['subtraction'],"[0, 12]",-12,What is 0 - 12 ?
3916,['addition'],"[6, 5]",11,What is 6 + 5 ?
3917,['multiplication'],"[3, 1]",3,What is 3 * 1 ?
3918,['addition'],"[0, 1]",1,What is 0 + 1 ?
3919,['multiplication'],"[5, 7]",35,What is 5 * 7 ?
3920,['division'],"[8, 1]",8,What is 8 / 1  (rounded to the nearest integer)?
3921,['addition'],"[2, 5]",7,What is 2 + 5 ?
3922,['multiplication'],"[9, 1]",9,What is 9 * 1 ?
3923,['multiplication'],"[6, 5]",30,What is 6 * 5 ?
3924,['addition'],"[6, 13]",19,What is 6 + 13 ?
3925,['addition'],"[5, 5]",10,What is 5 + 5 ?
3926,['multiplication'],"[7, 3]",21,What is 7 * 3 ?
3927,['multiplication'],"[2, 2]",4,What is 2 * 2 ?
3928,['division'],"[9, 1]",9,What is 9 / 1  (rounded to the nearest integer)?
3929,['addition'],"[15, 7]",22,What is 15 + 7 ?
3930,['division'],"[9, 5]",2,What is 9 / 5  (rounded to the nearest integer)?
3931,['subtraction'],"[10, 9]",1,What is 10 - 9 ?
3932,['multiplication'],"[6, 1]",6,What is 6 * 1 ?
3933,['subtraction'],"[13, 15]",-2,What is 13 - 15 ?
3934,['addition'],"[14, 10]",24,What is 14 + 10 ?
3935,['multiplication'],"[5, 6]",30,What is 5 * 6 ?
3936,['division'],"[10, 4]",2,What is 10 / 4  (rounded to the nearest integer)?
3937,['addition'],"[8, 9]",17,What is 8 + 9 ?
3938,['subtraction'],"[0, 12]",-12,What is 0 - 12 ?
3939,['subtraction'],"[8, 7]",1,What is 8 - 7 ?
3940,['subtraction'],"[8, 13]",-5,What is 8 - 13 ?
3941,['subtraction'],"[5, 11]",-6,What is 5 - 11 ?
3942,['addition'],"[13, 14]",27,What is 13 + 14 ?
3943,['subtraction'],"[8, 11]",-3,What is 8 - 11 ?
3944,['addition'],"[0, 5]",5,What is 0 + 5 ?
3945,['division'],"[8, 4]",2,What is 8 / 4  (rounded to the nearest integer)?
3946,['division'],"[9, 3]",3,What is 9 / 3  (rounded to the nearest integer)?
3947,['multiplication'],"[2, 6]",12,What is 2 * 6 ?
3948,['addition'],"[12, 10]",22,What is 12 + 10 ?
3949,['subtraction'],"[7, 6]",1,What is 7 - 6 ?
3950,['division'],"[5, 4]",1,What is 5 / 4  (rounded to the nearest integer)?
3951,['subtraction'],"[0, 11]",-11,What is 0 - 11 ?
3952,['division'],"[8, 4]",2,What is 8 / 4  (rounded to the nearest integer)?
3953,['subtraction'],"[11, 9]",2,What is 11 - 9 ?
3954,['division'],"[7, 7]",1,What is 7 / 7  (rounded to the nearest integer)?
3955,['subtraction'],"[4, 7]",-3,What is 4 - 7 ?
3956,['multiplication'],"[7, 4]",28,What is 7 * 4 ?
3957,['division'],"[3, 2]",2,What is 3 / 2  (rounded to the nearest integer)?
3958,['addition'],"[13, 4]",17,What is 13 + 4 ?
3959,['addition'],"[9, 6]",15,What is 9 + 6 ?
3960,['division'],"[10, 2]",5,What is 10 / 2  (rounded to the nearest integer)?
3961,['addition'],"[8, 13]",21,What is 8 + 13 ?
3962,['addition'],"[11, 1]",12,What is 11 + 1 ?
3963,['multiplication'],"[5, 1]",5,What is 5 * 1 ?
3964,['division'],"[2, 1]",2,What is 2 / 1  (rounded to the nearest integer)?
3965,['subtraction'],"[0, 4]",-4,What is 0 - 4 ?
3966,['addition'],"[1, 3]",4,What is 1 + 3 ?
3967,['division'],"[10, 5]",2,What is 10 / 5  (rounded to the nearest integer)?
3968,['addition'],"[10, 15]",25,What is 10 + 15 ?
3969,['subtraction'],"[13, 11]",2,What is 13 - 11 ?
3970,['multiplication'],"[1, 9]",9,What is 1 * 9 ?
3971,['division'],"[6, 1]",6,What is 6 / 1  (rounded to the nearest integer)?
3972,['addition'],"[0, 3]",3,What is 0 + 3 ?
3973,['division'],"[7, 2]",4,What is 7 / 2  (rounded to the nearest integer)?
3974,['subtraction'],"[4, 15]",-11,What is 4 - 15 ?
3975,['division'],"[7, 1]",7,What is 7 / 1  (rounded to the nearest integer)?
3976,['multiplication'],"[4, 1]",4,What is 4 * 1 ?
3977,['multiplication'],"[3, 3]",9,What is 3 * 3 ?
3978,['addition'],"[12, 10]",22,What is 12 + 10 ?
3979,['subtraction'],"[1, 0]",1,What is 1 - 0 ?
3980,['multiplication'],"[8, 1]",8,What is 8 * 1 ?
3981,['subtraction'],"[13, 4]",9,What is 13 - 4 ?
3982,['division'],"[9, 3]",3,What is 9 / 3  (rounded to the nearest integer)?
3983,['division'],"[10, 2]",5,What is 10 / 2  (rounded to the nearest integer)?
3984,['addition'],"[7, 13]",20,What is 7 + 13 ?
3985,['subtraction'],"[3, 11]",-8,What is 3 - 11 ?
3986,['division'],"[6, 3]",2,What is 6 / 3  (rounded to the nearest integer)?
3987,['multiplication'],"[8, 5]",40,What is 8 * 5 ?
3988,['addition'],"[8, 11]",19,What is 8 + 11 ?
3989,['addition'],"[12, 5]",17,What is 12 + 5 ?
3990,['subtraction'],"[7, 4]",3,What is 7 - 4 ?
3991,['multiplication'],"[6, 9]",54,What is 6 * 9 ?
3992,['multiplication'],"[8, 10]",80,What is 8 * 10 ?
3993,['division'],"[4, 2]",2,What is 4 / 2  (rounded to the nearest integer)?
3994,['multiplication'],"[10, 8]",80,What is 10 * 8 ?
3995,['division'],"[8, 2]",4,What is 8 / 2  (rounded to the nearest integer)?
3996,['addition'],"[0, 5]",5,What is 0 + 5 ?
3997,['division'],"[9, 2]",4,What is 9 / 2  (rounded to the nearest integer)?
3998,['multiplication'],"[1, 1]",1,What is 1 * 1 ?
3999,['multiplication'],"[1, 2]",2,What is 1 * 2 ?
4000,['addition'],"[3, 15]",18,What is 3 + 15 ?
4001,['division'],"[7, 2]",4,What is 7 / 2  (rounded to the nearest integer)?
4002,['subtraction'],"[4, 9]",-5,What is 4 - 9 ?
4003,['subtraction'],"[9, 4]",5,What is 9 - 4 ?
4004,['multiplication'],"[9, 3]",27,What is 9 * 3 ?
4005,['addition'],"[8, 13]",21,What is 8 + 13 ?
4006,['division'],"[7, 6]",1,What is 7 / 6  (rounded to the nearest integer)?
4007,['division'],"[8, 6]",1,What is 8 / 6  (rounded to the nearest integer)?
4008,['subtraction'],"[10, 3]",7,What is 10 - 3 ?
4009,['multiplication'],"[6, 8]",48,What is 6 * 8 ?
4010,['division'],"[6, 1]",6,What is 6 / 1  (rounded to the nearest integer)?
4011,['division'],"[7, 1]",7,What is 7 / 1  (rounded to the nearest integer)?
4012,['division'],"[9, 6]",2,What is 9 / 6  (rounded to the nearest integer)?
4013,['subtraction'],"[9, 9]",0,What is 9 - 9 ?
4014,['subtraction'],"[9, 0]",9,What is 9 - 0 ?
4015,['addition'],"[5, 12]",17,What is 5 + 12 ?
4016,['addition'],"[12, 13]",25,What is 12 + 13 ?
4017,['addition'],"[6, 1]",7,What is 6 + 1 ?
4018,['subtraction'],"[14, 8]",6,What is 14 - 8 ?
4019,['subtraction'],"[1, 3]",-2,What is 1 - 3 ?
4020,['multiplication'],"[2, 4]",8,What is 2 * 4 ?
4021,['subtraction'],"[14, 7]",7,What is 14 - 7 ?
4022,['addition'],"[12, 10]",22,What is 12 + 10 ?
4023,['multiplication'],"[3, 2]",6,What is 3 * 2 ?
4024,['subtraction'],"[13, 4]",9,What is 13 - 4 ?
4025,['division'],"[10, 2]",5,What is 10 / 2  (rounded to the nearest integer)?
4026,['multiplication'],"[1, 1]",1,What is 1 * 1 ?
4027,['multiplication'],"[4, 9]",36,What is 4 * 9 ?
4028,['multiplication'],"[5, 3]",15,What is 5 * 3 ?
4029,['multiplication'],"[6, 7]",42,What is 6 * 7 ?
4030,['division'],"[10, 8]",1,What is 10 / 8  (rounded to the nearest integer)?
4031,['addition'],"[10, 14]",24,What is 10 + 14 ?
4032,['subtraction'],"[1, 3]",-2,What is 1 - 3 ?
4033,['division'],"[9, 4]",2,What is 9 / 4  (rounded to the nearest integer)?
4034,['division'],"[4, 2]",2,What is 4 / 2  (rounded to the nearest integer)?
4035,['addition'],"[7, 3]",10,What is 7 + 3 ?
4036,['subtraction'],"[3, 7]",-4,What is 3 - 7 ?
4037,['multiplication'],"[2, 1]",2,What is 2 * 1 ?
4038,['addition'],"[8, 12]",20,What is 8 + 12 ?
4039,['subtraction'],"[8, 3]",5,What is 8 - 3 ?
4040,['addition'],"[6, 0]",6,What is 6 + 0 ?
4041,['division'],"[8, 6]",1,What is 8 / 6  (rounded to the nearest integer)?
4042,['subtraction'],"[11, 10]",1,What is 11 - 10 ?
4043,['subtraction'],"[11, 13]",-2,What is 11 - 13 ?
4044,['subtraction'],"[6, 12]",-6,What is 6 - 12 ?
4045,['division'],"[8, 4]",2,What is 8 / 4  (rounded to the nearest integer)?
4046,['multiplication'],"[2, 3]",6,What is 2 * 3 ?
4047,['multiplication'],"[5, 9]",45,What is 5 * 9 ?
4048,['division'],"[9, 2]",4,What is 9 / 2  (rounded to the nearest integer)?
4049,['multiplication'],"[2, 3]",6,What is 2 * 3 ?
4050,['multiplication'],"[10, 8]",80,What is 10 * 8 ?
4051,['division'],"[9, 6]",2,What is 9 / 6  (rounded to the nearest integer)?
4052,['division'],"[6, 3]",2,What is 6 / 3  (rounded to the nearest integer)?
4053,['subtraction'],"[6, 4]",2,What is 6 - 4 ?
4054,['subtraction'],"[7, 12]",-5,What is 7 - 12 ?
4055,['multiplication'],"[5, 7]",35,What is 5 * 7 ?
4056,['addition'],"[10, 5]",15,What is 10 + 5 ?
4057,['division'],"[9, 7]",1,What is 9 / 7  (rounded to the nearest integer)?
4058,['addition'],"[13, 1]",14,What is 13 + 1 ?
4059,['subtraction'],"[9, 0]",9,What is 9 - 0 ?
4060,['addition'],"[3, 5]",8,What is 3 + 5 ?
4061,['addition'],"[0, 6]",6,What is 0 + 6 ?
4062,['addition'],"[5, 15]",20,What is 5 + 15 ?
4063,['division'],"[7, 1]",7,What is 7 / 1  (rounded to the nearest integer)?
4064,['addition'],"[1, 8]",9,What is 1 + 8 ?
4065,['addition'],"[11, 14]",25,What is 11 + 14 ?
4066,['addition'],"[12, 10]",22,What is 12 + 10 ?
4067,['addition'],"[14, 0]",14,What is 14 + 0 ?
4068,['multiplication'],"[1, 4]",4,What is 1 * 4 ?
4069,['multiplication'],"[5, 10]",50,What is 5 * 10 ?
4070,['addition'],"[13, 6]",19,What is 13 + 6 ?
4071,['subtraction'],"[4, 9]",-5,What is 4 - 9 ?
4072,['division'],"[9, 2]",4,What is 9 / 2  (rounded to the nearest integer)?
4073,['subtraction'],"[10, 9]",1,What is 10 - 9 ?
4074,['addition'],"[13, 3]",16,What is 13 + 3 ?
4075,['multiplication'],"[5, 1]",5,What is 5 * 1 ?
4076,['division'],"[9, 9]",1,What is 9 / 9  (rounded to the nearest integer)?
4077,['division'],"[10, 8]",1,What is 10 / 8  (rounded to the nearest integer)?
4078,['addition'],"[8, 12]",20,What is 8 + 12 ?
4079,['multiplication'],"[5, 5]",25,What is 5 * 5 ?
4080,['addition'],"[12, 14]",26,What is 12 + 14 ?
4081,['division'],"[5, 2]",2,What is 5 / 2  (rounded to the nearest integer)?
4082,['subtraction'],"[15, 12]",3,What is 15 - 12 ?
4083,['division'],"[5, 3]",2,What is 5 / 3  (rounded to the nearest integer)?
4084,['addition'],"[9, 14]",23,What is 9 + 14 ?
4085,['division'],"[9, 6]",2,What is 9 / 6  (rounded to the nearest integer)?
4086,['subtraction'],"[9, 11]",-2,What is 9 - 11 ?
4087,['division'],"[6, 4]",2,What is 6 / 4  (rounded to the nearest integer)?
4088,['addition'],"[2, 13]",15,What is 2 + 13 ?
4089,['subtraction'],"[10, 0]",10,What is 10 - 0 ?
4090,['addition'],"[14, 8]",22,What is 14 + 8 ?
4091,['multiplication'],"[2, 10]",20,What is 2 * 10 ?
4092,['subtraction'],"[12, 5]",7,What is 12 - 5 ?
4093,['addition'],"[8, 4]",12,What is 8 + 4 ?
4094,['division'],"[2, 1]",2,What is 2 / 1  (rounded to the nearest integer)?
4095,['addition'],"[10, 3]",13,What is 10 + 3 ?
4096,['division'],"[4, 4]",1,What is 4 / 4  (rounded to the nearest integer)?
4097,['addition'],"[4, 2]",6,What is 4 + 2 ?
4098,['addition'],"[3, 2]",5,What is 3 + 2 ?
4099,['addition'],"[10, 4]",14,What is 10 + 4 ?
4100,['multiplication'],"[3, 10]",30,What is 3 * 10 ?
4101,['addition'],"[15, 3]",18,What is 15 + 3 ?
4102,['subtraction'],"[12, 7]",5,What is 12 - 7 ?
4103,['addition'],"[12, 1]",13,What is 12 + 1 ?
4104,['multiplication'],"[4, 4]",16,What is 4 * 4 ?
4105,['multiplication'],"[8, 2]",16,What is 8 * 2 ?
4106,['multiplication'],"[2, 9]",18,What is 2 * 9 ?
4107,['multiplication'],"[4, 10]",40,What is 4 * 10 ?
4108,['addition'],"[10, 14]",24,What is 10 + 14 ?
4109,['addition'],"[6, 4]",10,What is 6 + 4 ?
4110,['multiplication'],"[9, 5]",45,What is 9 * 5 ?
4111,['division'],"[7, 4]",2,What is 7 / 4  (rounded to the nearest integer)?
4112,['multiplication'],"[5, 2]",10,What is 5 * 2 ?
4113,['division'],"[5, 4]",1,What is 5 / 4  (rounded to the nearest integer)?
4114,['subtraction'],"[6, 7]",-1,What is 6 - 7 ?
4115,['multiplication'],"[3, 5]",15,What is 3 * 5 ?
4116,['addition'],"[10, 9]",19,What is 10 + 9 ?
4117,['subtraction'],"[7, 11]",-4,What is 7 - 11 ?
4118,['multiplication'],"[3, 9]",27,What is 3 * 9 ?
4119,['division'],"[8, 5]",2,What is 8 / 5  (rounded to the nearest integer)?
4120,['addition'],"[12, 15]",27,What is 12 + 15 ?
4121,['subtraction'],"[2, 7]",-5,What is 2 - 7 ?
4122,['addition'],"[3, 3]",6,What is 3 + 3 ?
4123,['subtraction'],"[10, 2]",8,What is 10 - 2 ?
4124,['addition'],"[14, 12]",26,What is 14 + 12 ?
4125,['addition'],"[5, 9]",14,What is 5 + 9 ?
4126,['addition'],"[8, 0]",8,What is 8 + 0 ?
4127,['multiplication'],"[9, 7]",63,What is 9 * 7 ?
4128,['division'],"[9, 7]",1,What is 9 / 7  (rounded to the nearest integer)?
4129,['multiplication'],"[8, 7]",56,What is 8 * 7 ?
4130,['addition'],"[6, 10]",16,What is 6 + 10 ?
4131,['multiplication'],"[5, 3]",15,What is 5 * 3 ?
4132,['addition'],"[13, 5]",18,What is 13 + 5 ?
4133,['addition'],"[2, 9]",11,What is 2 + 9 ?
4134,['multiplication'],"[3, 7]",21,What is 3 * 7 ?
4135,['division'],"[7, 7]",1,What is 7 / 7  (rounded to the nearest integer)?
4136,['addition'],"[15, 2]",17,What is 15 + 2 ?
4137,['subtraction'],"[7, 1]",6,What is 7 - 1 ?
4138,['multiplication'],"[7, 10]",70,What is 7 * 10 ?
4139,['subtraction'],"[3, 14]",-11,What is 3 - 14 ?
4140,['division'],"[8, 2]",4,What is 8 / 2  (rounded to the nearest integer)?
4141,['division'],"[8, 2]",4,What is 8 / 2  (rounded to the nearest integer)?
4142,['subtraction'],"[2, 10]",-8,What is 2 - 10 ?
4143,['division'],"[3, 1]",3,What is 3 / 1  (rounded to the nearest integer)?
4144,['multiplication'],"[2, 5]",10,What is 2 * 5 ?
4145,['division'],"[10, 9]",1,What is 10 / 9  (rounded to the nearest integer)?
4146,['multiplication'],"[4, 6]",24,What is 4 * 6 ?
4147,['multiplication'],"[10, 8]",80,What is 10 * 8 ?
4148,['subtraction'],"[10, 3]",7,What is 10 - 3 ?
4149,['addition'],"[5, 15]",20,What is 5 + 15 ?
4150,['subtraction'],"[13, 5]",8,What is 13 - 5 ?
4151,['multiplication'],"[7, 5]",35,What is 7 * 5 ?
4152,['division'],"[8, 1]",8,What is 8 / 1  (rounded to the nearest integer)?
4153,['subtraction'],"[1, 14]",-13,What is 1 - 14 ?
4154,['multiplication'],"[3, 5]",15,What is 3 * 5 ?
4155,['division'],"[6, 1]",6,What is 6 / 1  (rounded to the nearest integer)?
4156,['subtraction'],"[1, 6]",-5,What is 1 - 6 ?
4157,['multiplication'],"[6, 10]",60,What is 6 * 10 ?
4158,['subtraction'],"[3, 5]",-2,What is 3 - 5 ?
4159,['division'],"[3, 2]",2,What is 3 / 2  (rounded to the nearest integer)?
4160,['subtraction'],"[14, 10]",4,What is 14 - 10 ?
4161,['addition'],"[3, 4]",7,What is 3 + 4 ?
4162,['division'],"[6, 5]",1,What is 6 / 5  (rounded to the nearest integer)?
4163,['multiplication'],"[7, 9]",63,What is 7 * 9 ?
4164,['subtraction'],"[6, 8]",-2,What is 6 - 8 ?
4165,['addition'],"[7, 14]",21,What is 7 + 14 ?
4166,['addition'],"[0, 11]",11,What is 0 + 11 ?
4167,['multiplication'],"[5, 3]",15,What is 5 * 3 ?
4168,['subtraction'],"[0, 3]",-3,What is 0 - 3 ?
4169,['multiplication'],"[6, 1]",6,What is 6 * 1 ?
4170,['multiplication'],"[4, 8]",32,What is 4 * 8 ?
4171,['addition'],"[7, 9]",16,What is 7 + 9 ?
4172,['subtraction'],"[7, 5]",2,What is 7 - 5 ?
4173,['subtraction'],"[13, 1]",12,What is 13 - 1 ?
4174,['division'],"[7, 1]",7,What is 7 / 1  (rounded to the nearest integer)?
4175,['division'],"[8, 4]",2,What is 8 / 4  (rounded to the nearest integer)?
4176,['subtraction'],"[13, 1]",12,What is 13 - 1 ?
4177,['multiplication'],"[7, 1]",7,What is 7 * 1 ?
4178,['subtraction'],"[8, 7]",1,What is 8 - 7 ?
4179,['subtraction'],"[1, 9]",-8,What is 1 - 9 ?
4180,['division'],"[10, 8]",1,What is 10 / 8  (rounded to the nearest integer)?
4181,['division'],"[6, 5]",1,What is 6 / 5  (rounded to the nearest integer)?
4182,['multiplication'],"[7, 9]",63,What is 7 * 9 ?
4183,['addition'],"[0, 11]",11,What is 0 + 11 ?
4184,['subtraction'],"[11, 7]",4,What is 11 - 7 ?
4185,['subtraction'],"[13, 2]",11,What is 13 - 2 ?
4186,['division'],"[7, 6]",1,What is 7 / 6  (rounded to the nearest integer)?
4187,['subtraction'],"[9, 6]",3,What is 9 - 6 ?
4188,['subtraction'],"[2, 13]",-11,What is 2 - 13 ?
4189,['addition'],"[2, 10]",12,What is 2 + 10 ?
4190,['subtraction'],"[5, 14]",-9,What is 5 - 14 ?
4191,['division'],"[2, 1]",2,What is 2 / 1  (rounded to the nearest integer)?
4192,['division'],"[9, 8]",1,What is 9 / 8  (rounded to the nearest integer)?
4193,['addition'],"[5, 1]",6,What is 5 + 1 ?
4194,['division'],"[7, 4]",2,What is 7 / 4  (rounded to the nearest integer)?
4195,['division'],"[10, 9]",1,What is 10 / 9  (rounded to the nearest integer)?
4196,['multiplication'],"[6, 6]",36,What is 6 * 6 ?
4197,['addition'],"[10, 12]",22,What is 10 + 12 ?
4198,['multiplication'],"[4, 5]",20,What is 4 * 5 ?
4199,['division'],"[9, 2]",4,What is 9 / 2  (rounded to the nearest integer)?
4200,['subtraction'],"[0, 2]",-2,What is 0 - 2 ?
4201,['subtraction'],"[9, 6]",3,What is 9 - 6 ?
4202,['subtraction'],"[6, 8]",-2,What is 6 - 8 ?
4203,['subtraction'],"[11, 6]",5,What is 11 - 6 ?
4204,['division'],"[6, 5]",1,What is 6 / 5  (rounded to the nearest integer)?
4205,['division'],"[8, 5]",2,What is 8 / 5  (rounded to the nearest integer)?
4206,['multiplication'],"[9, 5]",45,What is 9 * 5 ?
4207,['addition'],"[6, 1]",7,What is 6 + 1 ?
4208,['subtraction'],"[8, 13]",-5,What is 8 - 13 ?
4209,['multiplication'],"[1, 3]",3,What is 1 * 3 ?
4210,['subtraction'],"[4, 6]",-2,What is 4 - 6 ?
4211,['division'],"[7, 5]",1,What is 7 / 5  (rounded to the nearest integer)?
4212,['division'],"[9, 6]",2,What is 9 / 6  (rounded to the nearest integer)?
4213,['multiplication'],"[10, 4]",40,What is 10 * 4 ?
4214,['multiplication'],"[6, 4]",24,What is 6 * 4 ?
4215,['division'],"[7, 1]",7,What is 7 / 1  (rounded to the nearest integer)?
4216,['multiplication'],"[4, 4]",16,What is 4 * 4 ?
4217,['addition'],"[1, 9]",10,What is 1 + 9 ?
4218,['multiplication'],"[6, 3]",18,What is 6 * 3 ?
4219,['division'],"[8, 1]",8,What is 8 / 1  (rounded to the nearest integer)?
4220,['division'],"[1, 1]",1,What is 1 / 1  (rounded to the nearest integer)?
4221,['subtraction'],"[15, 0]",15,What is 15 - 0 ?
4222,['addition'],"[15, 14]",29,What is 15 + 14 ?
4223,['multiplication'],"[8, 6]",48,What is 8 * 6 ?
4224,['division'],"[4, 2]",2,What is 4 / 2  (rounded to the nearest integer)?
4225,['addition'],"[14, 14]",28,What is 14 + 14 ?
4226,['addition'],"[6, 14]",20,What is 6 + 14 ?
4227,['subtraction'],"[14, 11]",3,What is 14 - 11 ?
4228,['subtraction'],"[12, 2]",10,What is 12 - 2 ?
4229,['addition'],"[14, 8]",22,What is 14 + 8 ?
4230,['addition'],"[6, 3]",9,What is 6 + 3 ?
4231,['multiplication'],"[8, 8]",64,What is 8 * 8 ?
4232,['division'],"[4, 3]",1,What is 4 / 3  (rounded to the nearest integer)?
4233,['subtraction'],"[1, 11]",-10,What is 1 - 11 ?
4234,['division'],"[6, 6]",1,What is 6 / 6  (rounded to the nearest integer)?
4235,['subtraction'],"[15, 12]",3,What is 15 - 12 ?
4236,['subtraction'],"[7, 2]",5,What is 7 - 2 ?
4237,['subtraction'],"[3, 1]",2,What is 3 - 1 ?
4238,['subtraction'],"[1, 10]",-9,What is 1 - 10 ?
4239,['subtraction'],"[8, 4]",4,What is 8 - 4 ?
4240,['subtraction'],"[14, 1]",13,What is 14 - 1 ?
4241,['addition'],"[2, 2]",4,What is 2 + 2 ?
4242,['addition'],"[8, 13]",21,What is 8 + 13 ?
4243,['addition'],"[6, 4]",10,What is 6 + 4 ?
4244,['division'],"[6, 2]",3,What is 6 / 2  (rounded to the nearest integer)?
4245,['addition'],"[12, 14]",26,What is 12 + 14 ?
4246,['subtraction'],"[10, 4]",6,What is 10 - 4 ?
4247,['division'],"[7, 6]",1,What is 7 / 6  (rounded to the nearest integer)?
4248,['subtraction'],"[5, 14]",-9,What is 5 - 14 ?
4249,['subtraction'],"[13, 2]",11,What is 13 - 2 ?
4250,['subtraction'],"[11, 2]",9,What is 11 - 2 ?
4251,['division'],"[7, 4]",2,What is 7 / 4  (rounded to the nearest integer)?
4252,['multiplication'],"[4, 4]",16,What is 4 * 4 ?
4253,['subtraction'],"[10, 6]",4,What is 10 - 6 ?
4254,['multiplication'],"[10, 2]",20,What is 10 * 2 ?
4255,['multiplication'],"[9, 2]",18,What is 9 * 2 ?
4256,['addition'],"[0, 5]",5,What is 0 + 5 ?
4257,['subtraction'],"[11, 13]",-2,What is 11 - 13 ?
4258,['addition'],"[10, 15]",25,What is 10 + 15 ?
4259,['multiplication'],"[3, 5]",15,What is 3 * 5 ?
4260,['addition'],"[8, 14]",22,What is 8 + 14 ?
4261,['subtraction'],"[9, 14]",-5,What is 9 - 14 ?
4262,['addition'],"[3, 12]",15,What is 3 + 12 ?
4263,['division'],"[10, 8]",1,What is 10 / 8  (rounded to the nearest integer)?
4264,['addition'],"[8, 10]",18,What is 8 + 10 ?
4265,['subtraction'],"[8, 0]",8,What is 8 - 0 ?
4266,['multiplication'],"[4, 3]",12,What is 4 * 3 ?
4267,['division'],"[7, 2]",4,What is 7 / 2  (rounded to the nearest integer)?
4268,['addition'],"[13, 10]",23,What is 13 + 10 ?
4269,['division'],"[7, 2]",4,What is 7 / 2  (rounded to the nearest integer)?
4270,['subtraction'],"[9, 7]",2,What is 9 - 7 ?
4271,['subtraction'],"[13, 3]",10,What is 13 - 3 ?
4272,['addition'],"[1, 10]",11,What is 1 + 10 ?
4273,['multiplication'],"[1, 1]",1,What is 1 * 1 ?
4274,['subtraction'],"[7, 8]",-1,What is 7 - 8 ?
4275,['addition'],"[4, 12]",16,What is 4 + 12 ?
4276,['subtraction'],"[0, 9]",-9,What is 0 - 9 ?
4277,['addition'],"[1, 7]",8,What is 1 + 7 ?
4278,['addition'],"[5, 2]",7,What is 5 + 2 ?
4279,['multiplication'],"[5, 3]",15,What is 5 * 3 ?
4280,['addition'],"[2, 7]",9,What is 2 + 7 ?
4281,['multiplication'],"[6, 10]",60,What is 6 * 10 ?
4282,['addition'],"[8, 7]",15,What is 8 + 7 ?
4283,['subtraction'],"[10, 7]",3,What is 10 - 7 ?
4284,['subtraction'],"[2, 10]",-8,What is 2 - 10 ?
4285,['division'],"[10, 3]",3,What is 10 / 3  (rounded to the nearest integer)?
4286,['division'],"[6, 2]",3,What is 6 / 2  (rounded to the nearest integer)?
4287,['multiplication'],"[5, 9]",45,What is 5 * 9 ?
4288,['division'],"[10, 8]",1,What is 10 / 8  (rounded to the nearest integer)?
4289,['addition'],"[6, 3]",9,What is 6 + 3 ?
4290,['addition'],"[15, 0]",15,What is 15 + 0 ?
4291,['division'],"[8, 3]",3,What is 8 / 3  (rounded to the nearest integer)?
4292,['subtraction'],"[5, 3]",2,What is 5 - 3 ?
4293,['multiplication'],"[2, 10]",20,What is 2 * 10 ?
4294,['addition'],"[7, 15]",22,What is 7 + 15 ?
4295,['multiplication'],"[1, 10]",10,What is 1 * 10 ?
4296,['multiplication'],"[6, 10]",60,What is 6 * 10 ?
4297,['multiplication'],"[7, 9]",63,What is 7 * 9 ?
4298,['addition'],"[3, 2]",5,What is 3 + 2 ?
4299,['subtraction'],"[4, 3]",1,What is 4 - 3 ?
4300,['multiplication'],"[7, 2]",14,What is 7 * 2 ?
4301,['addition'],"[2, 13]",15,What is 2 + 13 ?
4302,['addition'],"[3, 13]",16,What is 3 + 13 ?
4303,['multiplication'],"[5, 6]",30,What is 5 * 6 ?
4304,['addition'],"[11, 9]",20,What is 11 + 9 ?
4305,['multiplication'],"[5, 9]",45,What is 5 * 9 ?
4306,['multiplication'],"[4, 8]",32,What is 4 * 8 ?
4307,['division'],"[9, 2]",4,What is 9 / 2  (rounded to the nearest integer)?
4308,['addition'],"[12, 1]",13,What is 12 + 1 ?
4309,['subtraction'],"[6, 10]",-4,What is 6 - 10 ?
4310,['subtraction'],"[6, 8]",-2,What is 6 - 8 ?
4311,['division'],"[8, 8]",1,What is 8 / 8  (rounded to the nearest integer)?
4312,['division'],"[4, 3]",1,What is 4 / 3  (rounded to the nearest integer)?
4313,['subtraction'],"[2, 12]",-10,What is 2 - 12 ?
4314,['subtraction'],"[2, 5]",-3,What is 2 - 5 ?
4315,['addition'],"[0, 13]",13,What is 0 + 13 ?
4316,['division'],"[5, 3]",2,What is 5 / 3  (rounded to the nearest integer)?
4317,['division'],"[8, 4]",2,What is 8 / 4  (rounded to the nearest integer)?
4318,['multiplication'],"[9, 6]",54,What is 9 * 6 ?
4319,['multiplication'],"[6, 4]",24,What is 6 * 4 ?
4320,['subtraction'],"[1, 13]",-12,What is 1 - 13 ?
4321,['addition'],"[8, 14]",22,What is 8 + 14 ?
4322,['multiplication'],"[3, 8]",24,What is 3 * 8 ?
4323,['multiplication'],"[8, 8]",64,What is 8 * 8 ?
4324,['subtraction'],"[10, 0]",10,What is 10 - 0 ?
4325,['addition'],"[5, 8]",13,What is 5 + 8 ?
4326,['addition'],"[5, 4]",9,What is 5 + 4 ?
4327,['division'],"[2, 2]",1,What is 2 / 2  (rounded to the nearest integer)?
4328,['subtraction'],"[12, 0]",12,What is 12 - 0 ?
4329,['addition'],"[6, 14]",20,What is 6 + 14 ?
4330,['division'],"[9, 1]",9,What is 9 / 1  (rounded to the nearest integer)?
4331,['subtraction'],"[0, 1]",-1,What is 0 - 1 ?
4332,['subtraction'],"[15, 8]",7,What is 15 - 8 ?
4333,['multiplication'],"[10, 2]",20,What is 10 * 2 ?
4334,['division'],"[7, 4]",2,What is 7 / 4  (rounded to the nearest integer)?
4335,['division'],"[9, 2]",4,What is 9 / 2  (rounded to the nearest integer)?
4336,['subtraction'],"[10, 15]",-5,What is 10 - 15 ?
4337,['subtraction'],"[0, 11]",-11,What is 0 - 11 ?
4338,['division'],"[10, 9]",1,What is 10 / 9  (rounded to the nearest integer)?
4339,['multiplication'],"[2, 8]",16,What is 2 * 8 ?
4340,['multiplication'],"[6, 8]",48,What is 6 * 8 ?
4341,['division'],"[6, 5]",1,What is 6 / 5  (rounded to the nearest integer)?
4342,['division'],"[9, 1]",9,What is 9 / 1  (rounded to the nearest integer)?
4343,['subtraction'],"[12, 3]",9,What is 12 - 3 ?
4344,['multiplication'],"[9, 8]",72,What is 9 * 8 ?
4345,['multiplication'],"[8, 4]",32,What is 8 * 4 ?
4346,['multiplication'],"[2, 7]",14,What is 2 * 7 ?
4347,['subtraction'],"[7, 10]",-3,What is 7 - 10 ?
4348,['division'],"[2, 2]",1,What is 2 / 2  (rounded to the nearest integer)?
4349,['addition'],"[0, 12]",12,What is 0 + 12 ?
4350,['multiplication'],"[5, 10]",50,What is 5 * 10 ?
4351,['multiplication'],"[4, 5]",20,What is 4 * 5 ?
4352,['addition'],"[0, 2]",2,What is 0 + 2 ?
4353,['multiplication'],"[8, 2]",16,What is 8 * 2 ?
4354,['multiplication'],"[1, 9]",9,What is 1 * 9 ?
4355,['subtraction'],"[14, 11]",3,What is 14 - 11 ?
4356,['division'],"[7, 6]",1,What is 7 / 6  (rounded to the nearest integer)?
4357,['addition'],"[9, 1]",10,What is 9 + 1 ?
4358,['subtraction'],"[4, 2]",2,What is 4 - 2 ?
4359,['subtraction'],"[1, 8]",-7,What is 1 - 8 ?
4360,['addition'],"[9, 15]",24,What is 9 + 15 ?
4361,['multiplication'],"[2, 6]",12,What is 2 * 6 ?
4362,['subtraction'],"[2, 14]",-12,What is 2 - 14 ?
4363,['subtraction'],"[12, 2]",10,What is 12 - 2 ?
4364,['multiplication'],"[5, 7]",35,What is 5 * 7 ?
4365,['addition'],"[13, 6]",19,What is 13 + 6 ?
4366,['multiplication'],"[2, 6]",12,What is 2 * 6 ?
4367,['addition'],"[3, 3]",6,What is 3 + 3 ?
4368,['multiplication'],"[1, 8]",8,What is 1 * 8 ?
4369,['multiplication'],"[8, 5]",40,What is 8 * 5 ?
4370,['division'],"[10, 9]",1,What is 10 / 9  (rounded to the nearest integer)?
4371,['multiplication'],"[1, 9]",9,What is 1 * 9 ?
4372,['subtraction'],"[0, 14]",-14,What is 0 - 14 ?
4373,['addition'],"[0, 2]",2,What is 0 + 2 ?
4374,['subtraction'],"[13, 4]",9,What is 13 - 4 ?
4375,['addition'],"[7, 11]",18,What is 7 + 11 ?
4376,['division'],"[7, 4]",2,What is 7 / 4  (rounded to the nearest integer)?
4377,['addition'],"[13, 11]",24,What is 13 + 11 ?
4378,['multiplication'],"[5, 2]",10,What is 5 * 2 ?
4379,['addition'],"[2, 4]",6,What is 2 + 4 ?
4380,['subtraction'],"[2, 1]",1,What is 2 - 1 ?
4381,['multiplication'],"[4, 6]",24,What is 4 * 6 ?
4382,['addition'],"[14, 5]",19,What is 14 + 5 ?
4383,['multiplication'],"[10, 5]",50,What is 10 * 5 ?
4384,['addition'],"[12, 8]",20,What is 12 + 8 ?
4385,['multiplication'],"[1, 7]",7,What is 1 * 7 ?
4386,['division'],"[6, 2]",3,What is 6 / 2  (rounded to the nearest integer)?
4387,['addition'],"[14, 6]",20,What is 14 + 6 ?
4388,['subtraction'],"[13, 12]",1,What is 13 - 12 ?
4389,['multiplication'],"[10, 9]",90,What is 10 * 9 ?
4390,['subtraction'],"[5, 1]",4,What is 5 - 1 ?
4391,['division'],"[9, 9]",1,What is 9 / 9  (rounded to the nearest integer)?
4392,['addition'],"[12, 13]",25,What is 12 + 13 ?
4393,['multiplication'],"[4, 6]",24,What is 4 * 6 ?
4394,['subtraction'],"[15, 4]",11,What is 15 - 4 ?
4395,['addition'],"[0, 7]",7,What is 0 + 7 ?
4396,['subtraction'],"[10, 9]",1,What is 10 - 9 ?
4397,['division'],"[3, 2]",2,What is 3 / 2  (rounded to the nearest integer)?
4398,['subtraction'],"[4, 4]",0,What is 4 - 4 ?
4399,['subtraction'],"[15, 5]",10,What is 15 - 5 ?
4400,['subtraction'],"[0, 7]",-7,What is 0 - 7 ?
4401,['subtraction'],"[15, 8]",7,What is 15 - 8 ?
4402,['addition'],"[2, 9]",11,What is 2 + 9 ?
4403,['multiplication'],"[4, 8]",32,What is 4 * 8 ?
4404,['multiplication'],"[10, 9]",90,What is 10 * 9 ?
4405,['subtraction'],"[15, 6]",9,What is 15 - 6 ?
4406,['multiplication'],"[1, 7]",7,What is 1 * 7 ?
4407,['addition'],"[11, 13]",24,What is 11 + 13 ?
4408,['division'],"[9, 4]",2,What is 9 / 4  (rounded to the nearest integer)?
4409,['division'],"[8, 7]",1,What is 8 / 7  (rounded to the nearest integer)?
4410,['multiplication'],"[8, 4]",32,What is 8 * 4 ?
4411,['multiplication'],"[2, 5]",10,What is 2 * 5 ?
4412,['subtraction'],"[13, 15]",-2,What is 13 - 15 ?
4413,['multiplication'],"[3, 7]",21,What is 3 * 7 ?
4414,['addition'],"[0, 14]",14,What is 0 + 14 ?
4415,['multiplication'],"[6, 5]",30,What is 6 * 5 ?
4416,['multiplication'],"[1, 2]",2,What is 1 * 2 ?
4417,['multiplication'],"[9, 4]",36,What is 9 * 4 ?
4418,['addition'],"[1, 15]",16,What is 1 + 15 ?
4419,['multiplication'],"[3, 4]",12,What is 3 * 4 ?
4420,['multiplication'],"[6, 10]",60,What is 6 * 10 ?
4421,['division'],"[10, 2]",5,What is 10 / 2  (rounded to the nearest integer)?
4422,['addition'],"[15, 2]",17,What is 15 + 2 ?
4423,['multiplication'],"[10, 1]",10,What is 10 * 1 ?
4424,['subtraction'],"[4, 0]",4,What is 4 - 0 ?
4425,['multiplication'],"[10, 10]",100,What is 10 * 10 ?
4426,['subtraction'],"[8, 10]",-2,What is 8 - 10 ?
4427,['division'],"[9, 6]",2,What is 9 / 6  (rounded to the nearest integer)?
4428,['division'],"[7, 6]",1,What is 7 / 6  (rounded to the nearest integer)?
4429,['subtraction'],"[0, 5]",-5,What is 0 - 5 ?
4430,['addition'],"[10, 6]",16,What is 10 + 6 ?
4431,['addition'],"[7, 6]",13,What is 7 + 6 ?
4432,['multiplication'],"[4, 6]",24,What is 4 * 6 ?
4433,['multiplication'],"[10, 3]",30,What is 10 * 3 ?
4434,['addition'],"[0, 14]",14,What is 0 + 14 ?
4435,['multiplication'],"[10, 1]",10,What is 10 * 1 ?
4436,['subtraction'],"[5, 9]",-4,What is 5 - 9 ?
4437,['subtraction'],"[11, 11]",0,What is 11 - 11 ?
4438,['multiplication'],"[1, 2]",2,What is 1 * 2 ?
4439,['multiplication'],"[2, 5]",10,What is 2 * 5 ?
4440,['addition'],"[1, 14]",15,What is 1 + 14 ?
4441,['division'],"[5, 2]",2,What is 5 / 2  (rounded to the nearest integer)?
4442,['subtraction'],"[2, 15]",-13,What is 2 - 15 ?
4443,['multiplication'],"[4, 10]",40,What is 4 * 10 ?
4444,['multiplication'],"[9, 4]",36,What is 9 * 4 ?
4445,['subtraction'],"[3, 11]",-8,What is 3 - 11 ?
4446,['division'],"[3, 3]",1,What is 3 / 3  (rounded to the nearest integer)?
4447,['division'],"[6, 5]",1,What is 6 / 5  (rounded to the nearest integer)?
4448,['addition'],"[2, 12]",14,What is 2 + 12 ?
4449,['addition'],"[2, 11]",13,What is 2 + 11 ?
4450,['subtraction'],"[9, 3]",6,What is 9 - 3 ?
4451,['addition'],"[4, 6]",10,What is 4 + 6 ?
4452,['addition'],"[6, 5]",11,What is 6 + 5 ?
4453,['subtraction'],"[12, 1]",11,What is 12 - 1 ?
4454,['addition'],"[8, 12]",20,What is 8 + 12 ?
4455,['subtraction'],"[7, 3]",4,What is 7 - 3 ?
4456,['subtraction'],"[8, 4]",4,What is 8 - 4 ?
4457,['multiplication'],"[1, 8]",8,What is 1 * 8 ?
4458,['subtraction'],"[1, 10]",-9,What is 1 - 10 ?
4459,['addition'],"[6, 1]",7,What is 6 + 1 ?
4460,['multiplication'],"[4, 8]",32,What is 4 * 8 ?
4461,['addition'],"[12, 5]",17,What is 12 + 5 ?
4462,['division'],"[7, 6]",1,What is 7 / 6  (rounded to the nearest integer)?
4463,['division'],"[8, 2]",4,What is 8 / 2  (rounded to the nearest integer)?
4464,['subtraction'],"[10, 1]",9,What is 10 - 1 ?
4465,['addition'],"[9, 11]",20,What is 9 + 11 ?
4466,['multiplication'],"[8, 6]",48,What is 8 * 6 ?
4467,['subtraction'],"[0, 8]",-8,What is 0 - 8 ?
4468,['addition'],"[12, 13]",25,What is 12 + 13 ?
4469,['division'],"[5, 1]",5,What is 5 / 1  (rounded to the nearest integer)?
4470,['division'],"[7, 4]",2,What is 7 / 4  (rounded to the nearest integer)?
4471,['multiplication'],"[8, 7]",56,What is 8 * 7 ?
4472,['multiplication'],"[5, 1]",5,What is 5 * 1 ?
4473,['division'],"[10, 6]",2,What is 10 / 6  (rounded to the nearest integer)?
4474,['subtraction'],"[10, 7]",3,What is 10 - 7 ?
4475,['multiplication'],"[10, 5]",50,What is 10 * 5 ?
4476,['addition'],"[9, 12]",21,What is 9 + 12 ?
4477,['addition'],"[12, 1]",13,What is 12 + 1 ?
4478,['division'],"[2, 1]",2,What is 2 / 1  (rounded to the nearest integer)?
4479,['addition'],"[9, 2]",11,What is 9 + 2 ?
4480,['multiplication'],"[4, 4]",16,What is 4 * 4 ?
4481,['division'],"[9, 2]",4,What is 9 / 2  (rounded to the nearest integer)?
4482,['multiplication'],"[8, 1]",8,What is 8 * 1 ?
4483,['addition'],"[4, 3]",7,What is 4 + 3 ?
4484,['addition'],"[14, 15]",29,What is 14 + 15 ?
4485,['subtraction'],"[6, 0]",6,What is 6 - 0 ?
4486,['division'],"[7, 5]",1,What is 7 / 5  (rounded to the nearest integer)?
4487,['subtraction'],"[7, 3]",4,What is 7 - 3 ?
4488,['division'],"[4, 2]",2,What is 4 / 2  (rounded to the nearest integer)?
4489,['subtraction'],"[7, 4]",3,What is 7 - 4 ?
4490,['subtraction'],"[10, 5]",5,What is 10 - 5 ?
4491,['subtraction'],"[10, 4]",6,What is 10 - 4 ?
4492,['addition'],"[15, 15]",30,What is 15 + 15 ?
4493,['multiplication'],"[2, 5]",10,What is 2 * 5 ?
4494,['division'],"[9, 5]",2,What is 9 / 5  (rounded to the nearest integer)?
4495,['division'],"[8, 7]",1,What is 8 / 7  (rounded to the nearest integer)?
4496,['addition'],"[0, 12]",12,What is 0 + 12 ?
4497,['addition'],"[8, 4]",12,What is 8 + 4 ?
4498,['addition'],"[1, 0]",1,What is 1 + 0 ?
4499,['division'],"[10, 4]",2,What is 10 / 4  (rounded to the nearest integer)?
4500,['subtraction'],"[11, 7]",4,What is 11 - 7 ?
4501,['multiplication'],"[3, 8]",24,What is 3 * 8 ?
4502,['division'],"[4, 3]",1,What is 4 / 3  (rounded to the nearest integer)?
4503,['division'],"[10, 8]",1,What is 10 / 8  (rounded to the nearest integer)?
4504,['subtraction'],"[15, 5]",10,What is 15 - 5 ?
4505,['multiplication'],"[1, 8]",8,What is 1 * 8 ?
4506,['division'],"[7, 5]",1,What is 7 / 5  (rounded to the nearest integer)?
4507,['division'],"[4, 2]",2,What is 4 / 2  (rounded to the nearest integer)?
4508,['addition'],"[14, 10]",24,What is 14 + 10 ?
4509,['multiplication'],"[9, 10]",90,What is 9 * 10 ?
4510,['addition'],"[9, 9]",18,What is 9 + 9 ?
4511,['subtraction'],"[3, 11]",-8,What is 3 - 11 ?
4512,['addition'],"[1, 0]",1,What is 1 + 0 ?
4513,['multiplication'],"[10, 3]",30,What is 10 * 3 ?
4514,['subtraction'],"[9, 15]",-6,What is 9 - 15 ?
4515,['addition'],"[14, 8]",22,What is 14 + 8 ?
4516,['multiplication'],"[1, 8]",8,What is 1 * 8 ?
4517,['multiplication'],"[1, 2]",2,What is 1 * 2 ?
4518,['addition'],"[4, 1]",5,What is 4 + 1 ?
4519,['division'],"[7, 6]",1,What is 7 / 6  (rounded to the nearest integer)?
4520,['division'],"[7, 4]",2,What is 7 / 4  (rounded to the nearest integer)?
4521,['subtraction'],"[7, 7]",0,What is 7 - 7 ?
4522,['addition'],"[14, 8]",22,What is 14 + 8 ?
4523,['multiplication'],"[7, 4]",28,What is 7 * 4 ?
4524,['multiplication'],"[6, 8]",48,What is 6 * 8 ?
4525,['division'],"[10, 6]",2,What is 10 / 6  (rounded to the nearest integer)?
4526,['multiplication'],"[1, 5]",5,What is 1 * 5 ?
4527,['subtraction'],"[0, 15]",-15,What is 0 - 15 ?
4528,['multiplication'],"[2, 10]",20,What is 2 * 10 ?
4529,['subtraction'],"[13, 9]",4,What is 13 - 9 ?
4530,['division'],"[5, 1]",5,What is 5 / 1  (rounded to the nearest integer)?
4531,['division'],"[9, 2]",4,What is 9 / 2  (rounded to the nearest integer)?
4532,['addition'],"[6, 11]",17,What is 6 + 11 ?
4533,['subtraction'],"[12, 9]",3,What is 12 - 9 ?
4534,['division'],"[3, 2]",2,What is 3 / 2  (rounded to the nearest integer)?
4535,['division'],"[4, 2]",2,What is 4 / 2  (rounded to the nearest integer)?
4536,['multiplication'],"[2, 4]",8,What is 2 * 4 ?
4537,['multiplication'],"[8, 2]",16,What is 8 * 2 ?
4538,['division'],"[10, 6]",2,What is 10 / 6  (rounded to the nearest integer)?
4539,['multiplication'],"[3, 5]",15,What is 3 * 5 ?
4540,['addition'],"[8, 2]",10,What is 8 + 2 ?
4541,['division'],"[8, 7]",1,What is 8 / 7  (rounded to the nearest integer)?
4542,['multiplication'],"[7, 7]",49,What is 7 * 7 ?
4543,['subtraction'],"[6, 2]",4,What is 6 - 2 ?
4544,['subtraction'],"[6, 8]",-2,What is 6 - 8 ?
4545,['multiplication'],"[5, 1]",5,What is 5 * 1 ?
4546,['division'],"[10, 8]",1,What is 10 / 8  (rounded to the nearest integer)?
4547,['division'],"[2, 1]",2,What is 2 / 1  (rounded to the nearest integer)?
4548,['subtraction'],"[15, 5]",10,What is 15 - 5 ?
4549,['addition'],"[12, 11]",23,What is 12 + 11 ?
4550,['addition'],"[6, 10]",16,What is 6 + 10 ?
4551,['subtraction'],"[4, 10]",-6,What is 4 - 10 ?
4552,['subtraction'],"[5, 15]",-10,What is 5 - 15 ?
4553,['multiplication'],"[3, 8]",24,What is 3 * 8 ?
4554,['addition'],"[1, 5]",6,What is 1 + 5 ?
4555,['division'],"[5, 2]",2,What is 5 / 2  (rounded to the nearest integer)?
4556,['multiplication'],"[9, 3]",27,What is 9 * 3 ?
4557,['multiplication'],"[5, 10]",50,What is 5 * 10 ?
4558,['subtraction'],"[8, 3]",5,What is 8 - 3 ?
4559,['addition'],"[2, 7]",9,What is 2 + 7 ?
4560,['subtraction'],"[9, 1]",8,What is 9 - 1 ?
4561,['division'],"[1, 1]",1,What is 1 / 1  (rounded to the nearest integer)?
4562,['addition'],"[3, 4]",7,What is 3 + 4 ?
4563,['addition'],"[5, 14]",19,What is 5 + 14 ?
4564,['multiplication'],"[9, 10]",90,What is 9 * 10 ?
4565,['multiplication'],"[5, 6]",30,What is 5 * 6 ?
4566,['multiplication'],"[1, 4]",4,What is 1 * 4 ?
4567,['subtraction'],"[2, 15]",-13,What is 2 - 15 ?
4568,['addition'],"[15, 13]",28,What is 15 + 13 ?
4569,['subtraction'],"[2, 0]",2,What is 2 - 0 ?
4570,['subtraction'],"[5, 11]",-6,What is 5 - 11 ?
4571,['addition'],"[13, 9]",22,What is 13 + 9 ?
4572,['addition'],"[9, 5]",14,What is 9 + 5 ?
4573,['multiplication'],"[5, 8]",40,What is 5 * 8 ?
4574,['addition'],"[7, 11]",18,What is 7 + 11 ?
4575,['subtraction'],"[4, 8]",-4,What is 4 - 8 ?
4576,['subtraction'],"[10, 14]",-4,What is 10 - 14 ?
4577,['subtraction'],"[6, 15]",-9,What is 6 - 15 ?
4578,['addition'],"[1, 14]",15,What is 1 + 14 ?
4579,['subtraction'],"[14, 15]",-1,What is 14 - 15 ?
4580,['multiplication'],"[7, 9]",63,What is 7 * 9 ?
4581,['multiplication'],"[2, 5]",10,What is 2 * 5 ?
4582,['addition'],"[13, 13]",26,What is 13 + 13 ?
4583,['subtraction'],"[12, 11]",1,What is 12 - 11 ?
4584,['multiplication'],"[7, 5]",35,What is 7 * 5 ?
4585,['division'],"[4, 4]",1,What is 4 / 4  (rounded to the nearest integer)?
4586,['subtraction'],"[8, 5]",3,What is 8 - 5 ?
4587,['division'],"[10, 9]",1,What is 10 / 9  (rounded to the nearest integer)?
4588,['multiplication'],"[4, 7]",28,What is 4 * 7 ?
4589,['subtraction'],"[7, 6]",1,What is 7 - 6 ?
4590,['multiplication'],"[3, 3]",9,What is 3 * 3 ?
4591,['multiplication'],"[7, 7]",49,What is 7 * 7 ?
4592,['subtraction'],"[1, 9]",-8,What is 1 - 9 ?
4593,['division'],"[8, 7]",1,What is 8 / 7  (rounded to the nearest integer)?
4594,['addition'],"[3, 8]",11,What is 3 + 8 ?
4595,['multiplication'],"[1, 4]",4,What is 1 * 4 ?
4596,['division'],"[9, 9]",1,What is 9 / 9  (rounded to the nearest integer)?
4597,['subtraction'],"[1, 14]",-13,What is 1 - 14 ?
4598,['multiplication'],"[3, 1]",3,What is 3 * 1 ?
4599,['subtraction'],"[8, 12]",-4,What is 8 - 12 ?
4600,['subtraction'],"[8, 5]",3,What is 8 - 5 ?
4601,['subtraction'],"[14, 5]",9,What is 14 - 5 ?
4602,['addition'],"[12, 1]",13,What is 12 + 1 ?
4603,['division'],"[7, 5]",1,What is 7 / 5  (rounded to the nearest integer)?
4604,['division'],"[8, 4]",2,What is 8 / 4  (rounded to the nearest integer)?
4605,['multiplication'],"[6, 10]",60,What is 6 * 10 ?
4606,['multiplication'],"[6, 10]",60,What is 6 * 10 ?
4607,['addition'],"[6, 7]",13,What is 6 + 7 ?
4608,['division'],"[5, 4]",1,What is 5 / 4  (rounded to the nearest integer)?
4609,['addition'],"[10, 13]",23,What is 10 + 13 ?
4610,['addition'],"[14, 12]",26,What is 14 + 12 ?
4611,['multiplication'],"[8, 5]",40,What is 8 * 5 ?
4612,['division'],"[10, 7]",1,What is 10 / 7  (rounded to the nearest integer)?
4613,['addition'],"[9, 12]",21,What is 9 + 12 ?
4614,['subtraction'],"[9, 2]",7,What is 9 - 2 ?
4615,['addition'],"[15, 9]",24,What is 15 + 9 ?
4616,['division'],"[5, 4]",1,What is 5 / 4  (rounded to the nearest integer)?
4617,['division'],"[9, 1]",9,What is 9 / 1  (rounded to the nearest integer)?
4618,['subtraction'],"[0, 10]",-10,What is 0 - 10 ?
4619,['addition'],"[9, 14]",23,What is 9 + 14 ?
4620,['addition'],"[10, 9]",19,What is 10 + 9 ?
4621,['division'],"[6, 4]",2,What is 6 / 4  (rounded to the nearest integer)?
4622,['addition'],"[14, 6]",20,What is 14 + 6 ?
4623,['multiplication'],"[4, 2]",8,What is 4 * 2 ?
4624,['multiplication'],"[2, 10]",20,What is 2 * 10 ?
4625,['multiplication'],"[4, 8]",32,What is 4 * 8 ?
4626,['multiplication'],"[2, 2]",4,What is 2 * 2 ?
4627,['subtraction'],"[12, 8]",4,What is 12 - 8 ?
4628,['division'],"[2, 1]",2,What is 2 / 1  (rounded to the nearest integer)?
4629,['addition'],"[3, 5]",8,What is 3 + 5 ?
4630,['division'],"[9, 3]",3,What is 9 / 3  (rounded to the nearest integer)?
4631,['addition'],"[8, 3]",11,What is 8 + 3 ?
4632,['subtraction'],"[2, 10]",-8,What is 2 - 10 ?
4633,['division'],"[8, 4]",2,What is 8 / 4  (rounded to the nearest integer)?
4634,['subtraction'],"[11, 5]",6,What is 11 - 5 ?
4635,['multiplication'],"[2, 1]",2,What is 2 * 1 ?
4636,['subtraction'],"[8, 0]",8,What is 8 - 0 ?
4637,['division'],"[6, 2]",3,What is 6 / 2  (rounded to the nearest integer)?
4638,['multiplication'],"[4, 8]",32,What is 4 * 8 ?
4639,['division'],"[9, 3]",3,What is 9 / 3  (rounded to the nearest integer)?
4640,['division'],"[9, 2]",4,What is 9 / 2  (rounded to the nearest integer)?
4641,['division'],"[8, 3]",3,What is 8 / 3  (rounded to the nearest integer)?
4642,['division'],"[2, 2]",1,What is 2 / 2  (rounded to the nearest integer)?
4643,['division'],"[10, 2]",5,What is 10 / 2  (rounded to the nearest integer)?
4644,['division'],"[10, 7]",1,What is 10 / 7  (rounded to the nearest integer)?
4645,['addition'],"[3, 9]",12,What is 3 + 9 ?
4646,['subtraction'],"[10, 15]",-5,What is 10 - 15 ?
4647,['addition'],"[6, 3]",9,What is 6 + 3 ?
4648,['addition'],"[14, 4]",18,What is 14 + 4 ?
4649,['division'],"[7, 6]",1,What is 7 / 6  (rounded to the nearest integer)?
4650,['division'],"[8, 4]",2,What is 8 / 4  (rounded to the nearest integer)?
4651,['multiplication'],"[5, 3]",15,What is 5 * 3 ?
4652,['addition'],"[14, 12]",26,What is 14 + 12 ?
4653,['division'],"[6, 2]",3,What is 6 / 2  (rounded to the nearest integer)?
4654,['division'],"[3, 2]",2,What is 3 / 2  (rounded to the nearest integer)?
4655,['division'],"[7, 2]",4,What is 7 / 2  (rounded to the nearest integer)?
4656,['multiplication'],"[5, 4]",20,What is 5 * 4 ?
4657,['subtraction'],"[12, 1]",11,What is 12 - 1 ?
4658,['addition'],"[6, 5]",11,What is 6 + 5 ?
4659,['addition'],"[1, 2]",3,What is 1 + 2 ?
4660,['multiplication'],"[5, 9]",45,What is 5 * 9 ?
4661,['multiplication'],"[6, 10]",60,What is 6 * 10 ?
4662,['multiplication'],"[5, 9]",45,What is 5 * 9 ?
4663,['multiplication'],"[6, 6]",36,What is 6 * 6 ?
4664,['division'],"[8, 4]",2,What is 8 / 4  (rounded to the nearest integer)?
4665,['multiplication'],"[9, 3]",27,What is 9 * 3 ?
4666,['subtraction'],"[12, 13]",-1,What is 12 - 13 ?
4667,['multiplication'],"[5, 3]",15,What is 5 * 3 ?
4668,['division'],"[6, 3]",2,What is 6 / 3  (rounded to the nearest integer)?
4669,['multiplication'],"[5, 7]",35,What is 5 * 7 ?
4670,['subtraction'],"[11, 7]",4,What is 11 - 7 ?
4671,['division'],"[9, 2]",4,What is 9 / 2  (rounded to the nearest integer)?
4672,['subtraction'],"[9, 5]",4,What is 9 - 5 ?
4673,['division'],"[6, 2]",3,What is 6 / 2  (rounded to the nearest integer)?
4674,['division'],"[3, 1]",3,What is 3 / 1  (rounded to the nearest integer)?
4675,['addition'],"[13, 2]",15,What is 13 + 2 ?
4676,['subtraction'],"[4, 3]",1,What is 4 - 3 ?
4677,['addition'],"[5, 4]",9,What is 5 + 4 ?
4678,['multiplication'],"[8, 6]",48,What is 8 * 6 ?
4679,['multiplication'],"[2, 5]",10,What is 2 * 5 ?
4680,['subtraction'],"[4, 7]",-3,What is 4 - 7 ?
4681,['multiplication'],"[2, 3]",6,What is 2 * 3 ?
4682,['division'],"[8, 5]",2,What is 8 / 5  (rounded to the nearest integer)?
4683,['addition'],"[10, 3]",13,What is 10 + 3 ?
4684,['division'],"[10, 1]",10,What is 10 / 1  (rounded to the nearest integer)?
4685,['division'],"[2, 1]",2,What is 2 / 1  (rounded to the nearest integer)?
4686,['addition'],"[10, 5]",15,What is 10 + 5 ?
4687,['multiplication'],"[4, 8]",32,What is 4 * 8 ?
4688,['subtraction'],"[15, 6]",9,What is 15 - 6 ?
4689,['multiplication'],"[4, 10]",40,What is 4 * 10 ?
4690,['subtraction'],"[3, 5]",-2,What is 3 - 5 ?
4691,['addition'],"[7, 9]",16,What is 7 + 9 ?
4692,['division'],"[9, 8]",1,What is 9 / 8  (rounded to the nearest integer)?
4693,['addition'],"[14, 2]",16,What is 14 + 2 ?
4694,['multiplication'],"[8, 3]",24,What is 8 * 3 ?
4695,['division'],"[8, 2]",4,What is 8 / 2  (rounded to the nearest integer)?
4696,['addition'],"[14, 5]",19,What is 14 + 5 ?
4697,['multiplication'],"[6, 8]",48,What is 6 * 8 ?
4698,['addition'],"[7, 5]",12,What is 7 + 5 ?
4699,['multiplication'],"[2, 2]",4,What is 2 * 2 ?
4700,['multiplication'],"[6, 6]",36,What is 6 * 6 ?
4701,['division'],"[10, 1]",10,What is 10 / 1  (rounded to the nearest integer)?
4702,['multiplication'],"[1, 7]",7,What is 1 * 7 ?
4703,['multiplication'],"[1, 9]",9,What is 1 * 9 ?
4704,['multiplication'],"[10, 7]",70,What is 10 * 7 ?
4705,['multiplication'],"[10, 7]",70,What is 10 * 7 ?
4706,['subtraction'],"[4, 1]",3,What is 4 - 1 ?
4707,['multiplication'],"[6, 9]",54,What is 6 * 9 ?
4708,['addition'],"[7, 15]",22,What is 7 + 15 ?
4709,['subtraction'],"[1, 0]",1,What is 1 - 0 ?
4710,['subtraction'],"[13, 8]",5,What is 13 - 8 ?
4711,['division'],"[8, 6]",1,What is 8 / 6  (rounded to the nearest integer)?
4712,['subtraction'],"[7, 11]",-4,What is 7 - 11 ?
4713,['subtraction'],"[12, 9]",3,What is 12 - 9 ?
4714,['subtraction'],"[15, 4]",11,What is 15 - 4 ?
4715,['division'],"[6, 3]",2,What is 6 / 3  (rounded to the nearest integer)?
4716,['division'],"[9, 7]",1,What is 9 / 7  (rounded to the nearest integer)?
4717,['division'],"[8, 1]",8,What is 8 / 1  (rounded to the nearest integer)?
4718,['subtraction'],"[6, 8]",-2,What is 6 - 8 ?
4719,['division'],"[4, 1]",4,What is 4 / 1  (rounded to the nearest integer)?
4720,['multiplication'],"[4, 5]",20,What is 4 * 5 ?
4721,['addition'],"[2, 5]",7,What is 2 + 5 ?
4722,['subtraction'],"[10, 0]",10,What is 10 - 0 ?
4723,['subtraction'],"[8, 4]",4,What is 8 - 4 ?
4724,['subtraction'],"[10, 0]",10,What is 10 - 0 ?
4725,['subtraction'],"[2, 1]",1,What is 2 - 1 ?
4726,['subtraction'],"[14, 0]",14,What is 14 - 0 ?
4727,['multiplication'],"[6, 1]",6,What is 6 * 1 ?
4728,['subtraction'],"[0, 15]",-15,What is 0 - 15 ?
4729,['addition'],"[0, 10]",10,What is 0 + 10 ?
4730,['multiplication'],"[8, 9]",72,What is 8 * 9 ?
4731,['division'],"[5, 4]",1,What is 5 / 4  (rounded to the nearest integer)?
4732,['subtraction'],"[13, 6]",7,What is 13 - 6 ?
4733,['multiplication'],"[8, 9]",72,What is 8 * 9 ?
4734,['subtraction'],"[13, 2]",11,What is 13 - 2 ?
4735,['addition'],"[5, 8]",13,What is 5 + 8 ?
4736,['division'],"[9, 2]",4,What is 9 / 2  (rounded to the nearest integer)?
4737,['division'],"[10, 2]",5,What is 10 / 2  (rounded to the nearest integer)?
4738,['subtraction'],"[14, 15]",-1,What is 14 - 15 ?
4739,['subtraction'],"[4, 12]",-8,What is 4 - 12 ?
4740,['multiplication'],"[10, 3]",30,What is 10 * 3 ?
4741,['subtraction'],"[12, 1]",11,What is 12 - 1 ?
4742,['subtraction'],"[15, 6]",9,What is 15 - 6 ?
4743,['subtraction'],"[6, 13]",-7,What is 6 - 13 ?
4744,['subtraction'],"[9, 0]",9,What is 9 - 0 ?
4745,['subtraction'],"[5, 1]",4,What is 5 - 1 ?
4746,['addition'],"[8, 2]",10,What is 8 + 2 ?
4747,['division'],"[7, 5]",1,What is 7 / 5  (rounded to the nearest integer)?
4748,['subtraction'],"[2, 11]",-9,What is 2 - 11 ?
4749,['addition'],"[0, 15]",15,What is 0 + 15 ?
4750,['subtraction'],"[4, 15]",-11,What is 4 - 15 ?
4751,['multiplication'],"[2, 1]",2,What is 2 * 1 ?
4752,['multiplication'],"[7, 7]",49,What is 7 * 7 ?
4753,['multiplication'],"[6, 10]",60,What is 6 * 10 ?
4754,['addition'],"[10, 10]",20,What is 10 + 10 ?
4755,['addition'],"[8, 14]",22,What is 8 + 14 ?
4756,['division'],"[9, 8]",1,What is 9 / 8  (rounded to the nearest integer)?
4757,['multiplication'],"[6, 6]",36,What is 6 * 6 ?
4758,['multiplication'],"[1, 8]",8,What is 1 * 8 ?
4759,['division'],"[9, 6]",2,What is 9 / 6  (rounded to the nearest integer)?
4760,['division'],"[5, 3]",2,What is 5 / 3  (rounded to the nearest integer)?
4761,['subtraction'],"[13, 0]",13,What is 13 - 0 ?
4762,['multiplication'],"[8, 5]",40,What is 8 * 5 ?
4763,['multiplication'],"[5, 7]",35,What is 5 * 7 ?
4764,['division'],"[5, 2]",2,What is 5 / 2  (rounded to the nearest integer)?
4765,['division'],"[6, 2]",3,What is 6 / 2  (rounded to the nearest integer)?
4766,['subtraction'],"[1, 3]",-2,What is 1 - 3 ?
4767,['multiplication'],"[10, 3]",30,What is 10 * 3 ?
4768,['subtraction'],"[14, 3]",11,What is 14 - 3 ?
4769,['division'],"[8, 4]",2,What is 8 / 4  (rounded to the nearest integer)?
4770,['division'],"[6, 5]",1,What is 6 / 5  (rounded to the nearest integer)?
4771,['multiplication'],"[4, 6]",24,What is 4 * 6 ?
4772,['multiplication'],"[3, 4]",12,What is 3 * 4 ?
4773,['multiplication'],"[4, 2]",8,What is 4 * 2 ?
4774,['division'],"[5, 2]",2,What is 5 / 2  (rounded to the nearest integer)?
4775,['division'],"[8, 1]",8,What is 8 / 1  (rounded to the nearest integer)?
4776,['multiplication'],"[1, 8]",8,What is 1 * 8 ?
4777,['subtraction'],"[14, 9]",5,What is 14 - 9 ?
4778,['multiplication'],"[1, 10]",10,What is 1 * 10 ?
4779,['addition'],"[4, 6]",10,What is 4 + 6 ?
4780,['multiplication'],"[8, 7]",56,What is 8 * 7 ?
4781,['subtraction'],"[3, 0]",3,What is 3 - 0 ?
4782,['addition'],"[5, 4]",9,What is 5 + 4 ?
4783,['addition'],"[3, 1]",4,What is 3 + 1 ?
4784,['subtraction'],"[0, 6]",-6,What is 0 - 6 ?
4785,['addition'],"[8, 6]",14,What is 8 + 6 ?
4786,['multiplication'],"[7, 9]",63,What is 7 * 9 ?
4787,['division'],"[5, 4]",1,What is 5 / 4  (rounded to the nearest integer)?
4788,['subtraction'],"[11, 0]",11,What is 11 - 0 ?
4789,['multiplication'],"[4, 1]",4,What is 4 * 1 ?
4790,['multiplication'],"[6, 6]",36,What is 6 * 6 ?
4791,['addition'],"[15, 12]",27,What is 15 + 12 ?
4792,['addition'],"[2, 10]",12,What is 2 + 10 ?
4793,['subtraction'],"[8, 6]",2,What is 8 - 6 ?
4794,['division'],"[6, 2]",3,What is 6 / 2  (rounded to the nearest integer)?
4795,['subtraction'],"[1, 3]",-2,What is 1 - 3 ?
4796,['division'],"[10, 8]",1,What is 10 / 8  (rounded to the nearest integer)?
4797,['division'],"[9, 3]",3,What is 9 / 3  (rounded to the nearest integer)?
4798,['multiplication'],"[6, 2]",12,What is 6 * 2 ?
4799,['addition'],"[11, 7]",18,What is 11 + 7 ?
4800,['division'],"[6, 5]",1,What is 6 / 5  (rounded to the nearest integer)?
4801,['addition'],"[13, 14]",27,What is 13 + 14 ?
4802,['subtraction'],"[9, 0]",9,What is 9 - 0 ?
4803,['subtraction'],"[8, 3]",5,What is 8 - 3 ?
4804,['subtraction'],"[0, 3]",-3,What is 0 - 3 ?
4805,['addition'],"[2, 11]",13,What is 2 + 11 ?
4806,['multiplication'],"[5, 8]",40,What is 5 * 8 ?
4807,['multiplication'],"[10, 5]",50,What is 10 * 5 ?
4808,['multiplication'],"[7, 3]",21,What is 7 * 3 ?
4809,['subtraction'],"[2, 2]",0,What is 2 - 2 ?
4810,['multiplication'],"[3, 1]",3,What is 3 * 1 ?
4811,['subtraction'],"[6, 8]",-2,What is 6 - 8 ?
4812,['multiplication'],"[2, 8]",16,What is 2 * 8 ?
4813,['addition'],"[8, 10]",18,What is 8 + 10 ?
4814,['subtraction'],"[0, 7]",-7,What is 0 - 7 ?
4815,['multiplication'],"[8, 1]",8,What is 8 * 1 ?
4816,['addition'],"[0, 6]",6,What is 0 + 6 ?
4817,['multiplication'],"[9, 2]",18,What is 9 * 2 ?
4818,['addition'],"[12, 2]",14,What is 12 + 2 ?
4819,['division'],"[10, 7]",1,What is 10 / 7  (rounded to the nearest integer)?
4820,['subtraction'],"[8, 1]",7,What is 8 - 1 ?
4821,['multiplication'],"[1, 6]",6,What is 1 * 6 ?
4822,['division'],"[3, 1]",3,What is 3 / 1  (rounded to the nearest integer)?
4823,['multiplication'],"[10, 4]",40,What is 10 * 4 ?
4824,['multiplication'],"[2, 7]",14,What is 2 * 7 ?
4825,['subtraction'],"[15, 6]",9,What is 15 - 6 ?
4826,['addition'],"[6, 8]",14,What is 6 + 8 ?
4827,['subtraction'],"[10, 7]",3,What is 10 - 7 ?
4828,['subtraction'],"[13, 2]",11,What is 13 - 2 ?
4829,['multiplication'],"[10, 7]",70,What is 10 * 7 ?
4830,['division'],"[2, 1]",2,What is 2 / 1  (rounded to the nearest integer)?
4831,['division'],"[9, 5]",2,What is 9 / 5  (rounded to the nearest integer)?
4832,['subtraction'],"[3, 11]",-8,What is 3 - 11 ?
4833,['addition'],"[6, 15]",21,What is 6 + 15 ?
4834,['division'],"[10, 7]",1,What is 10 / 7  (rounded to the nearest integer)?
4835,['division'],"[6, 3]",2,What is 6 / 3  (rounded to the nearest integer)?
4836,['subtraction'],"[15, 15]",0,What is 15 - 15 ?
4837,['addition'],"[9, 10]",19,What is 9 + 10 ?
4838,['multiplication'],"[10, 5]",50,What is 10 * 5 ?
4839,['addition'],"[6, 12]",18,What is 6 + 12 ?
4840,['subtraction'],"[15, 1]",14,What is 15 - 1 ?
4841,['multiplication'],"[10, 8]",80,What is 10 * 8 ?
4842,['multiplication'],"[1, 1]",1,What is 1 * 1 ?
4843,['division'],"[7, 1]",7,What is 7 / 1  (rounded to the nearest integer)?
4844,['division'],"[9, 7]",1,What is 9 / 7  (rounded to the nearest integer)?
4845,['subtraction'],"[7, 2]",5,What is 7 - 2 ?
4846,['subtraction'],"[6, 11]",-5,What is 6 - 11 ?
4847,['addition'],"[9, 7]",16,What is 9 + 7 ?
4848,['multiplication'],"[8, 7]",56,What is 8 * 7 ?
4849,['multiplication'],"[2, 10]",20,What is 2 * 10 ?
4850,['addition'],"[14, 6]",20,What is 14 + 6 ?
4851,['multiplication'],"[6, 5]",30,What is 6 * 5 ?
4852,['subtraction'],"[7, 12]",-5,What is 7 - 12 ?
4853,['addition'],"[5, 4]",9,What is 5 + 4 ?
4854,['subtraction'],"[15, 11]",4,What is 15 - 11 ?
4855,['subtraction'],"[14, 7]",7,What is 14 - 7 ?
4856,['subtraction'],"[11, 5]",6,What is 11 - 5 ?
4857,['multiplication'],"[4, 9]",36,What is 4 * 9 ?
4858,['subtraction'],"[15, 3]",12,What is 15 - 3 ?
4859,['division'],"[7, 3]",2,What is 7 / 3  (rounded to the nearest integer)?
4860,['subtraction'],"[10, 2]",8,What is 10 - 2 ?
4861,['addition'],"[8, 2]",10,What is 8 + 2 ?
4862,['multiplication'],"[8, 5]",40,What is 8 * 5 ?
4863,['subtraction'],"[13, 0]",13,What is 13 - 0 ?
4864,['addition'],"[7, 12]",19,What is 7 + 12 ?
4865,['subtraction'],"[9, 14]",-5,What is 9 - 14 ?
4866,['addition'],"[0, 0]",0,What is 0 + 0 ?
4867,['subtraction'],"[15, 7]",8,What is 15 - 7 ?
4868,['subtraction'],"[2, 2]",0,What is 2 - 2 ?
4869,['addition'],"[9, 14]",23,What is 9 + 14 ?
4870,['multiplication'],"[8, 9]",72,What is 8 * 9 ?
4871,['subtraction'],"[8, 4]",4,What is 8 - 4 ?
4872,['division'],"[9, 5]",2,What is 9 / 5  (rounded to the nearest integer)?
4873,['multiplication'],"[7, 8]",56,What is 7 * 8 ?
4874,['division'],"[10, 1]",10,What is 10 / 1  (rounded to the nearest integer)?
4875,['multiplication'],"[8, 5]",40,What is 8 * 5 ?
4876,['subtraction'],"[14, 4]",10,What is 14 - 4 ?
4877,['subtraction'],"[1, 2]",-1,What is 1 - 2 ?
4878,['multiplication'],"[2, 9]",18,What is 2 * 9 ?
4879,['addition'],"[11, 15]",26,What is 11 + 15 ?
4880,['multiplication'],"[8, 4]",32,What is 8 * 4 ?
4881,['addition'],"[11, 14]",25,What is 11 + 14 ?
4882,['addition'],"[4, 1]",5,What is 4 + 1 ?
4883,['subtraction'],"[3, 15]",-12,What is 3 - 15 ?
4884,['addition'],"[13, 2]",15,What is 13 + 2 ?
4885,['subtraction'],"[9, 13]",-4,What is 9 - 13 ?
4886,['multiplication'],"[6, 5]",30,What is 6 * 5 ?
4887,['division'],"[5, 1]",5,What is 5 / 1  (rounded to the nearest integer)?
4888,['addition'],"[15, 4]",19,What is 15 + 4 ?
4889,['addition'],"[11, 12]",23,What is 11 + 12 ?
4890,['addition'],"[1, 8]",9,What is 1 + 8 ?
4891,['subtraction'],"[1, 14]",-13,What is 1 - 14 ?
4892,['addition'],"[11, 14]",25,What is 11 + 14 ?
4893,['subtraction'],"[1, 1]",0,What is 1 - 1 ?
4894,['addition'],"[10, 3]",13,What is 10 + 3 ?
4895,['multiplication'],"[8, 4]",32,What is 8 * 4 ?
4896,['addition'],"[9, 1]",10,What is 9 + 1 ?
4897,['multiplication'],"[1, 5]",5,What is 1 * 5 ?
4898,['subtraction'],"[3, 0]",3,What is 3 - 0 ?
4899,['addition'],"[4, 14]",18,What is 4 + 14 ?
4900,['division'],"[9, 7]",1,What is 9 / 7  (rounded to the nearest integer)?
4901,['addition'],"[4, 4]",8,What is 4 + 4 ?
4902,['subtraction'],"[11, 12]",-1,What is 11 - 12 ?
4903,['division'],"[7, 6]",1,What is 7 / 6  (rounded to the nearest integer)?
4904,['addition'],"[1, 0]",1,What is 1 + 0 ?
4905,['subtraction'],"[8, 3]",5,What is 8 - 3 ?
4906,['addition'],"[12, 7]",19,What is 12 + 7 ?
4907,['division'],"[9, 7]",1,What is 9 / 7  (rounded to the nearest integer)?
4908,['division'],"[2, 1]",2,What is 2 / 1  (rounded to the nearest integer)?
4909,['addition'],"[9, 12]",21,What is 9 + 12 ?
4910,['multiplication'],"[7, 6]",42,What is 7 * 6 ?
4911,['division'],"[7, 2]",4,What is 7 / 2  (rounded to the nearest integer)?
4912,['division'],"[5, 4]",1,What is 5 / 4  (rounded to the nearest integer)?
4913,['subtraction'],"[10, 3]",7,What is 10 - 3 ?
4914,['division'],"[7, 5]",1,What is 7 / 5  (rounded to the nearest integer)?
4915,['division'],"[9, 2]",4,What is 9 / 2  (rounded to the nearest integer)?
4916,['division'],"[8, 1]",8,What is 8 / 1  (rounded to the nearest integer)?
4917,['multiplication'],"[4, 6]",24,What is 4 * 6 ?
4918,['addition'],"[3, 7]",10,What is 3 + 7 ?
4919,['subtraction'],"[4, 13]",-9,What is 4 - 13 ?
4920,['multiplication'],"[5, 3]",15,What is 5 * 3 ?
4921,['addition'],"[1, 11]",12,What is 1 + 11 ?
4922,['division'],"[5, 3]",2,What is 5 / 3  (rounded to the nearest integer)?
4923,['addition'],"[5, 14]",19,What is 5 + 14 ?
4924,['division'],"[9, 6]",2,What is 9 / 6  (rounded to the nearest integer)?
4925,['addition'],"[0, 15]",15,What is 0 + 15 ?
4926,['multiplication'],"[3, 9]",27,What is 3 * 9 ?
4927,['subtraction'],"[2, 11]",-9,What is 2 - 11 ?
4928,['multiplication'],"[2, 8]",16,What is 2 * 8 ?
4929,['subtraction'],"[14, 1]",13,What is 14 - 1 ?
4930,['division'],"[9, 9]",1,What is 9 / 9  (rounded to the nearest integer)?
4931,['subtraction'],"[12, 14]",-2,What is 12 - 14 ?
4932,['division'],"[2, 2]",1,What is 2 / 2  (rounded to the nearest integer)?
4933,['addition'],"[14, 0]",14,What is 14 + 0 ?
4934,['multiplication'],"[4, 5]",20,What is 4 * 5 ?
4935,['division'],"[1, 1]",1,What is 1 / 1  (rounded to the nearest integer)?
4936,['multiplication'],"[5, 5]",25,What is 5 * 5 ?
4937,['multiplication'],"[10, 10]",100,What is 10 * 10 ?
4938,['multiplication'],"[3, 1]",3,What is 3 * 1 ?
4939,['multiplication'],"[6, 8]",48,What is 6 * 8 ?
4940,['addition'],"[13, 9]",22,What is 13 + 9 ?
4941,['division'],"[9, 1]",9,What is 9 / 1  (rounded to the nearest integer)?
4942,['addition'],"[11, 1]",12,What is 11 + 1 ?
4943,['subtraction'],"[7, 11]",-4,What is 7 - 11 ?
4944,['subtraction'],"[9, 7]",2,What is 9 - 7 ?
4945,['division'],"[4, 1]",4,What is 4 / 1  (rounded to the nearest integer)?
4946,['division'],"[8, 3]",3,What is 8 / 3  (rounded to the nearest integer)?
4947,['division'],"[10, 2]",5,What is 10 / 2  (rounded to the nearest integer)?
4948,['subtraction'],"[12, 3]",9,What is 12 - 3 ?
4949,['multiplication'],"[2, 4]",8,What is 2 * 4 ?
4950,['addition'],"[14, 0]",14,What is 14 + 0 ?
4951,['addition'],"[10, 6]",16,What is 10 + 6 ?
4952,['multiplication'],"[4, 4]",16,What is 4 * 4 ?
4953,['addition'],"[9, 2]",11,What is 9 + 2 ?
4954,['addition'],"[7, 2]",9,What is 7 + 2 ?
4955,['subtraction'],"[13, 1]",12,What is 13 - 1 ?
4956,['subtraction'],"[5, 2]",3,What is 5 - 2 ?
4957,['multiplication'],"[10, 7]",70,What is 10 * 7 ?
4958,['multiplication'],"[5, 4]",20,What is 5 * 4 ?
4959,['division'],"[7, 1]",7,What is 7 / 1  (rounded to the nearest integer)?
4960,['addition'],"[13, 7]",20,What is 13 + 7 ?
4961,['multiplication'],"[4, 10]",40,What is 4 * 10 ?
4962,['subtraction'],"[6, 13]",-7,What is 6 - 13 ?
4963,['division'],"[6, 5]",1,What is 6 / 5  (rounded to the nearest integer)?
4964,['multiplication'],"[9, 9]",81,What is 9 * 9 ?
4965,['addition'],"[6, 6]",12,What is 6 + 6 ?
4966,['multiplication'],"[3, 1]",3,What is 3 * 1 ?
4967,['subtraction'],"[12, 8]",4,What is 12 - 8 ?
4968,['division'],"[8, 7]",1,What is 8 / 7  (rounded to the nearest integer)?
4969,['multiplication'],"[10, 4]",40,What is 10 * 4 ?
4970,['addition'],"[12, 0]",12,What is 12 + 0 ?
4971,['multiplication'],"[10, 2]",20,What is 10 * 2 ?
4972,['subtraction'],"[1, 13]",-12,What is 1 - 13 ?
4973,['addition'],"[11, 10]",21,What is 11 + 10 ?
4974,['subtraction'],"[12, 10]",2,What is 12 - 10 ?
4975,['addition'],"[7, 10]",17,What is 7 + 10 ?
4976,['division'],"[10, 10]",1,What is 10 / 10  (rounded to the nearest integer)?
4977,['subtraction'],"[1, 4]",-3,What is 1 - 4 ?
4978,['multiplication'],"[5, 5]",25,What is 5 * 5 ?
4979,['division'],"[10, 4]",2,What is 10 / 4  (rounded to the nearest integer)?
4980,['multiplication'],"[9, 10]",90,What is 9 * 10 ?
4981,['multiplication'],"[7, 4]",28,What is 7 * 4 ?
4982,['division'],"[9, 7]",1,What is 9 / 7  (rounded to the nearest integer)?
4983,['subtraction'],"[11, 9]",2,What is 11 - 9 ?
4984,['multiplication'],"[7, 8]",56,What is 7 * 8 ?
4985,['multiplication'],"[9, 10]",90,What is 9 * 10 ?
4986,['multiplication'],"[1, 6]",6,What is 1 * 6 ?
4987,['subtraction'],"[6, 5]",1,What is 6 - 5 ?
4988,['division'],"[6, 4]",2,What is 6 / 4  (rounded to the nearest integer)?
4989,['division'],"[9, 7]",1,What is 9 / 7  (rounded to the nearest integer)?
4990,['addition'],"[12, 4]",16,What is 12 + 4 ?
4991,['addition'],"[15, 3]",18,What is 15 + 3 ?
4992,['subtraction'],"[9, 11]",-2,What is 9 - 11 ?
4993,['multiplication'],"[6, 4]",24,What is 6 * 4 ?
4994,['subtraction'],"[6, 3]",3,What is 6 - 3 ?
4995,['subtraction'],"[3, 7]",-4,What is 3 - 7 ?
4996,['subtraction'],"[12, 10]",2,What is 12 - 10 ?
4997,['multiplication'],"[10, 1]",10,What is 10 * 1 ?
4998,['division'],"[6, 1]",6,What is 6 / 1  (rounded to the nearest integer)?
4999,['division'],"[5, 2]",2,What is 5 / 2  (rounded to the nearest integer)?
